region,source_name,source_name_local,type,subtype,url_news,url_home,language,rss_or_api,update_frequency,robotics_relevance,priority_tier,collection_route,watch_keywords,verification_role,ticker,origin,notes
China,AgiBot,智元机器人,Company,Company newsroom,https://www.agibot.com/news,https://www.agibot.com/,zh+en,None — scrape,Event-driven,Humanoid robot product launches and company news,P0,page scrape,机器人;发布,product announcements,,Registry v1 (Jul 28),
China,Fourier,傅利叶智能,Company,Company newsroom,https://www.fftai.com/newsroom,https://www.fftai.com/,zh+en,None — scrape,Event-driven,General purpose and rehabilitation robotics news,P0,page scrape,机器人;发布,product announcements,,Registry v1 (Jul 28),
China,UBTECH,优必选,Company,Company newsroom,https://www.ubtrobot.com/en/announce,https://www.ubtrobot.com/,zh+en,None — scrape,Event-driven,Corporate announcements and financial updates of UBTECH,P0,page scrape,机器人;公告,funding filings,,Registry v1 (Jul 28),
China,Unitree,宇树科技,Company,Company newsroom,https://www.unitree.com/mobile/news,https://www.unitree.com/,zh+en,None — scrape,Event-driven,Product launches and updates for quadruped and humanoid robots,P0,page scrape,机器人;发布,product announcements,,Registry v1 (Jul 28),
China,CNINFO,巨潮资讯网,Disclosure,Exchange disclosure portal,http://www.cninfo.com.cn/new/index,http://www.cninfo.com.cn/,zh,API: CNINFO,Daily,Financial reports and corporate actions of listed robotics companies,P0,API,机器人;财报;公告,funding filings,,Registry v1 (Jul 28),
China,SSE,上海证券交易所,Disclosure,Exchange disclosure portal,http://www.sse.com.cn/disclosure/listedinfo/announcement/,http://www.sse.com.cn/,zh,None — scrape,Daily,Announcements from companies listed on Shanghai Stock Exchange,P0,page scrape,机器人;公告,funding filings,,Registry v1 (Jul 28),
China,SZSE,深圳证券交易所,Disclosure,Exchange disclosure portal,http://www.szse.cn/disclosure/listed/notice/index.html,http://www.szse.cn/,zh,None — scrape,Daily,Announcements from companies listed on Shenzhen Stock Exchange,P0,page scrape,机器人;公告,funding filings,,Registry v1 (Jul 28),
China,Beijing Gov,北京市人民政府,Government,Provincial policies,https://www.beijing.gov.cn/zhengce/zhengcefagui/,https://www.beijing.gov.cn/,zh,None — scrape,Daily,Beijing municipal robotics and humanoid policies,P0,page scrape,机器人;具身智能,official policy text,,Registry v1 (Jul 28),
China,MIIT,工业和信息化部,Government,Ministry press releases,https://www.miit.gov.cn/xwdt/gxdt/index.html,https://www.miit.gov.cn/,zh,None — scrape,Daily,National robotics industry policies and standard announcements,P0,page scrape,机器人;具身智能;人工智能,official policy text,,Registry v1 (Jul 28),
China,MOST,科学技术部,Government,Ministry press releases,https://www.most.gov.cn/tpxw/,https://www.most.gov.cn/,zh,None — scrape,Daily,National R&D funding and technology innovation policies,P0,page scrape,机器人;人工智能,official policy text,,Registry v1 (Jul 28),
China,NDRC,国家发展和改革委员会,Government,Ministry press releases,https://www.ndrc.gov.cn/xwdt/xwfb/,https://www.ndrc.gov.cn/,zh,None — scrape,Daily,Macroeconomic policies and major robotics project approvals,P0,page scrape,机器人;智能制造,official policy text,,Registry v1 (Jul 28),
China,Shanghai Gov,上海市人民政府,Government,Provincial policies,https://www.shanghai.gov.cn/nw12344/index.html,https://www.shanghai.gov.cn/,zh,None — scrape,Daily,Shanghai municipal robotics and AI policies,P0,page scrape,机器人;人工智能,official policy text,,Registry v1 (Jul 28),
China,Shenzhen Gov,深圳市人民政府,Government,Provincial policies,http://www.sz.gov.cn/cn/xxgk/zfxxgj/zcfg/,http://www.sz.gov.cn/,zh,None — scrape,Daily,Shenzhen municipal robotics and tech policies,P0,page scrape,机器人;智能制造,official policy text,,Registry v1 (Jul 28),
China,State Council,国务院,Government,State Council policies,http://www.gov.cn/zhengce/,http://www.gov.cn/,zh,None — scrape,Daily,Top-level national policies on AI and robotics,P0,page scrape,机器人;人工智能,official policy text,,Registry v1 (Jul 28),
China,CCGP,中国政府采购网,Procurement,Procurement portal,http://www.ccgp.gov.cn/cggg/dfgg/,http://www.ccgp.gov.cn/,zh,None — scrape,Daily,Government procurement bids and awards for robotics,P0,page scrape,机器人;采购,procurement records,,Registry v1 (Jul 28),
China,CAA,中国自动化学会,Association,Association news,http://www.caa.org.cn/index.php?me_id=2,http://www.caa.org.cn/,zh,None — scrape,Event-driven,Automation and robotics academic news,P1,page scrape,自动化;机器人,industry statistics,,Registry v1 (Jul 28),HTTP-only site; intermittent from overseas; use CN proxy or cached scrape.
China,CMRA,中国移动机器人产业联盟,Association,Association news,https://cnmra.com/,https://cnmra.com/,zh+en,None — scrape,Event-driven,Mobile robot industry news and reports,P1,page scrape,移动机器人;AGV,industry statistics,,Registry v1 (Jul 28),
China,CRIA,中国机器人产业联盟,Association,Association news,http://www.cria.org.cn/,http://www.cria.org.cn/,zh,None — scrape,Event-driven,Robotics industry statistics and alliance news,P1,page scrape,机器人;产业,industry statistics,,Registry v1 (Jul 28),
China,Astribot,星尘智能,Company,Company newsroom,https://www.astribot.com/news,https://www.astribot.com/,zh+en,None — scrape,Event-driven,AI robot assistant news,P1,page scrape,机器人;发布,product announcements,,Registry v1 (Jul 28),
China,"Baidu, Inc.",百度,Company,Listed company IR/newsroom,https://ir.baidu.com/news-releases,https://ir.baidu.com/,en,RSS: https://ir.baidu.com/rss/news-releases.xml,Monthly,"Baidu is a major player in AI and autonomous driving (Apollo), which are foundational to AI robotics.",P1,RSS,AI;Apollo;autonomous driving;robotics;agent,primary announcement,NASDAQ: BIDU,Site review v2 (Jul 30),
China,DJI,大疆,Company,Company newsroom,https://www.dji.com/newsroom,https://www.dji.com/,zh+en,None — scrape,Event-driven,Drones and robotics product launches,P1,page scrape,机器人;发布,product announcements,,Registry v1 (Jul 28),
China,Dataa Robotics,达闼机器人,Company,Company newsroom,https://www.dataarobotics.com/en/blog/index,https://www.dataarobotics.com/en,en/zh,None — scrape,Monthly,Dataa Robotics (CloudMinds) is a leading Chinese developer of cloud-based intelligent service robots and humanoid robots.,P1,page scrape,humanoid;cloud robotics;RobotGPT;HARIX;具身智能,primary announcement,,Site review v2 (Jul 30),
China,Deep Robotics,云深处科技,Company,Company newsroom,https://www.deeprobotics.cn/en,https://www.deeprobotics.cn/,zh+en,None — scrape,Event-driven,Quadruped robot news,P1,page scrape,机器人;发布,product announcements,,Registry v1 (Jul 28),
China,Delta Intelligence,德塔智能,Company,Company newsroom,https://huggingface.co/datasets/Delta-Intelligence/OmniEgo,https://huggingface.co/datasets/Delta-Intelligence/OmniEgo,zh,None — scrape,Occasional,"Delta Intelligence is a humanoid robot foundation model company backed by major players like AgiBot and Leju, developing the Delta D1 head-mounted data device.",P1,WeChat,humanoid;foundation model;Delta D1;AgiBot;Leju,primary announcement,,Site review v2 (Jul 30),WeChat-only
China,Dexmal,原力灵机,Company,Company newsroom,https://dev.dexmal.com/community/blog,https://www.dexmal.com/,zh,None — scrape,Monthly,Dexmal (原力灵机) is a Chinese embodied AI startup developing vision-language-action models and frameworks for robotics.,P1,page scrape,具身智能;大模型;融资;机器人;Dexbotic,primary announcement,,Site review v2 (Jul 30),
China,Dreame Technology,追觅科技,Company,Company newsroom,https://www.dreametech.com/blogs/news,https://www.dreametech.com,en,None — scrape,Monthly,Dreame Technology produces smart home cleaning robots and is expanding into humanoid and consumer robotics.,P1,page scrape,robot vacuum;humanoid;AI;smart home,primary announcement,,Site review v2 (Jul 30),
China,Ecovacs Robotics,科沃斯机器人,Company,Listed company IR/newsroom,https://www.ecovacs.com/us/newsroom,https://www.ecovacsgroup.com/en,en/zh,None — scrape,Monthly,"Ecovacs Robotics is a leading Chinese service robotics company known for its robot vacuums and commercial robots, making it a key player in the consumer and commercial robotics market.",P1,page scrape,robot vacuum;commercial robot;lawn mower;service robot;earnings,primary announcement,SSE: 603486,Site review v2 (Jul 30),
China,EngineAI,逐际动力,Company,Company newsroom,https://en.engineai.com.cn/,https://en.engineai.com.cn/,zh+en,None — scrape,Event-driven,Humanoid and quadruped robot updates,P1,page scrape,机器人;发布,product announcements,,Registry v1 (Jul 28),
China,Estun,埃斯顿,Company,Company newsroom,https://en.estun.com/?list_52/,https://en.estun.com/,zh+en,None — scrape,Event-driven,Industrial robotics and automation news,P1,page scrape,机器人;发布,product announcements,,Registry v1 (Jul 28),
China,Galaxea AI,星海图,Company,Company newsroom,https://galaxea-ai.com/news,https://galaxea-ai.com/,zh,None — scrape,Monthly,Chinese embodied AI robot startup developing foundation models and humanoid robots.,P1,page scrape + WeChat,humanoid;embodied AI;R1;funding,primary announcement,,Site review v2 (Jul 30),WeChat-only news links
China,Galbot,银河通用,Company,Company newsroom,https://galbot.com/about,https://galbot.com/,zh+en,None — scrape,Event-driven,Embodied AGI and dual-arm robot news,P1,page scrape,机器人;发布,product announcements,,Registry v1 (Jul 28),
China,Gausium,高仙机器人,Company,Company newsroom,https://gausium.com/news/,https://gausium.com,en,RSS: https://gausium.com/feed/,Monthly,Gausium is a leading provider of AI-powered autonomous commercial cleaning robots.,P1,RSS,cleaning robot;autonomous;funding;Series D;Phantas,primary announcement,,Site review v2 (Jul 30),
China,Hikrobot,海康机器人,Company,Company newsroom,https://www.hikrobotics.com/en/news/,https://www.hikrobotics.com/,en/zh,None — scrape,Monthly,"Hikrobot is a major global supplier of mobile robots (AMRs) and machine vision products, having shipped over 200,000 mobile robots.",P1,page scrape,AMR;machine vision;mobile robot;IPO,primary announcement,,Site review v2 (Jul 30),
China,Inovance,汇川技术,Company,Company newsroom,https://www.inovance.com/news,https://www.inovance.com/,zh+en,None — scrape,Event-driven,Industrial automation and robotics components news,P1,page scrape,机器人;发布,product announcements,,Registry v1 (Jul 28),
China,JAKA Robotics,节卡机器人,Company,Company newsroom,https://www.jaka.com/en_eu/news,https://www.jaka.com/,en/zh,None — scrape,Monthly,"JAKA Robotics is a leading Chinese manufacturer of collaborative robots (cobots) and humanoid robots, backed by major investors like SoftBank.",P1,page scrape,cobot;humanoid;funding;IPO;协作机器人;人形机器人,primary announcement,,Site review v2 (Jul 30),IPO terminated in Dec 2025
China,Keenon,擎朗智能,Company,Company newsroom,https://www.keenon.com/news,https://www.keenon.com/,zh+en,None — scrape,Event-driven,Commercial service robot news,P1,page scrape,机器人;发布,product announcements,,Registry v1 (Jul 28),
China,Leju,乐聚机器人,Company,Company newsroom,https://www.lejurobot.com/news,https://www.lejurobot.com/,zh+en,None — scrape,Event-driven,Humanoid robot and AI education news,P1,page scrape,机器人;发布,product announcements,,Registry v1 (Jul 28),
China,LimX,逐际动力,Company,Company newsroom,https://www.limx.com/news,https://www.limx.com/,zh+en,None — scrape,Event-driven,Legged robot and embodied AI news,P1,page scrape,机器人;发布,product announcements,,Registry v1 (Jul 28),
China,Midea Group,美的集团,Company,Listed company IR/newsroom,https://www.midea.com/global/news,https://www.midea.com.cn/en,en/zh,None — scrape,Monthly,Midea Group is the parent company of KUKA and has a dedicated robotics division developing industrial and humanoid robots like MIRO U.,P1,page scrape,KUKA;humanoid;MIRO U;robotics;automation,primary announcement,SZSE: 000333,Site review v2 (Jul 30),
China,Morphi Robot,深圳墨奇智能技术有限公司,Company,Company newsroom,https://morphi.com/,https://morphi.com/,zh,None — scrape,Occasional,"Shenzhen embodied AI startup founded in 2025, raised over 1 billion RMB in angel-round financing from Alibaba and Tencent.",P1,WeChat,具身智能;人形机器人;天使轮;大模型,primary announcement,,Site review v2 (Jul 30),WeChat-only
China,NOETIX Robotics,松延动力,Company,Company newsroom,https://noetixrobotics.com/en/news/brand-news,https://noetixrobotics.com/,en/zh,None — scrape,Monthly,"Beijing-based humanoid robot maker (N2, Bumi, E1) that recently secured significant Series B funding and orders.",P1,page scrape,humanoid;Bumi;Series B;funding;N2,primary announcement,,Site review v2 (Jul 30),
China,Orbbec,奥比中光,Company,Company newsroom,https://www.orbbec.com/news/,https://www.orbbec.com/,zh+en,None — scrape,Event-driven,3D vision and robotics perception news,P1,page scrape,机器人;发布,product announcements,,Registry v1 (Jul 28),
China,OrionStar Robotics,猎户星空,Company,Company newsroom,https://en.orionstar.com/PressReleases.html,https://en.orionstar.com/,en/zh,None — scrape,Monthly,"OrionStar Robotics is a leading AI service robot company and Cheetah Mobile affiliate, providing autonomous cleaning, delivery, and hospitality robots.",P1,page scrape,service robot;delivery robot;Cheetah Mobile;AI;hospitality,primary announcement,,Site review v2 (Jul 30),
China,PsiBot,灵初智能,Company,Company newsroom,https://www.psibot.ai/category/news_zh/,https://www.psibot.ai/,zh/en,RSS: https://www.psibot.ai/feed/,Monthly,"PsiBot is a Chinese embodied AI startup developing VLA models and dexterous hands, backed by major investors and utilizing large-scale human manipulation data.",P1,RSS,具身智能;灵巧手;VLA;强化学习;融资,primary announcement,,Site review v2 (Jul 30),
China,Pudu,普渡科技,Company,Company newsroom,https://www.pudurobotics.com/news,https://www.pudurobotics.com/,zh+en,None — scrape,Event-driven,Commercial service robot news,P1,page scrape,机器人;发布,product announcements,,Registry v1 (Jul 28),
China,Realman Robotics,睿尔曼智能,Company,Company newsroom,https://www.realman-robotics.cn/cn/main/about-us.html,https://www.realman-robotics.com,zh/en,None — scrape,Monthly,"Realman Robotics is a key Chinese manufacturer of ultra-lightweight robotic arms and humanoid components, providing hardware and data infrastructure for physical AI.",P1,WeChat,具身智能;机械臂;融资;新品发布;人形机器人,primary announcement,,Site review v2 (Jul 30),WeChat-only for news
China,RobotEra,星动纪元,Company,Company newsroom,https://www.robotera.com/news,https://www.robotera.com/,zh+en,None — scrape,Event-driven,Humanoid robot news,P1,page scrape,机器人;发布,product announcements,,Registry v1 (Jul 28),
China,SEER Robotics,仙工智能,Company,Company newsroom,https://seer-robotics.ai/medias,https://seer-robotics.ai/,en/zh,None — scrape,Monthly,"SEER Robotics provides AMR controllers, logistics robots, and software platforms for warehouse automation and embodied AI.",P1,page scrape,AMR;controller;logistics;embodied AI,primary announcement,,Site review v2 (Jul 30),
China,Segway Robotics,九号机器人,Company,Listed company IR/newsroom,https://robotics.segway.com/news/,https://robotics.segway.com/,en,RSS: https://robotics.segway.com/feed/,Monthly,"Segway Robotics focuses on autonomous mobile robots, delivery robots, and restaurant service robots, leveraging NVIDIA Isaac platforms.",P1,page scrape,delivery robot;AMR;NVIDIA Isaac;restaurant robot;Nova Carter,primary announcement,SSE: 689009,Site review v2 (Jul 30),
China,Siasun,新松机器人,Company,Company newsroom,https://www.siasun.com/news,https://www.siasun.com/,zh+en,None — scrape,Event-driven,Industrial and service robotics news,P1,page scrape,机器人;发布,product announcements,,Registry v1 (Jul 28),
China,Standard Robots,斯坦德机器人,Company,Company newsroom,https://en.standard-robots.com/blog,https://en.standard-robots.com/,en/zh,None — scrape,Monthly,Standard Robots is a leading Chinese provider of industrial AMRs and embodied AI robotics solutions for smart manufacturing.,P1,page scrape,AMR;SLAM;embodied AI;funding;IPO,primary announcement,,Site review v2 (Jul 30),
China,Xiaomi Corporation,小米集团,Company,Listed company IR/newsroom,https://www.mi.com/global/discover/newsroom,https://www.mi.com/global/,en,None — scrape,Monthly,"Xiaomi is a major tech company developing the CyberOne humanoid and CyberDog, making its newsroom a key source for robotics announcements.",P1,page scrape,CyberOne;CyberDog;robotics;humanoid;AI,primary announcement,HKEX: 1810,Site review v2 (Jul 30),
China,Youibot Robotics,优艾智合,Company,Company newsroom,https://en.youibot.com/news.html,https://en.youibot.com,en/zh,None — scrape,Monthly,Youibot is a leading Chinese provider of industrial autonomous mobile robots (AMRs) and embodied AI solutions for semiconductor and manufacturing logistics.,P1,page scrape,AMR;semiconductor;embodied AI;logistics;funding,primary announcement,,Site review v2 (Jul 30),
China,BSE,北京证券交易所,Disclosure,Exchange disclosure portal,http://www.bse.cn/disclosure/announcement.html,http://www.bse.cn/,zh,None — scrape,Daily,Announcements from companies listed on Beijing Stock Exchange,P1,page scrape,机器人;公告,funding filings,,Registry v1 (Jul 28),
China,Beijing Stock Exchange (BSE),北京证券交易所,Exchange,Exchange newsroom / listings,https://www.bse.cn/disclosure/announcement.html,https://www.bse.cn,zh,None — scrape,Daily,"Beijing Stock Exchange focuses on innovative SMEs, making it a key source for tracking new listings of robotics and AI suppliers in China.",P1,page scrape + IPO calendar,robotics IPO;listing;prospectus;机器人;人工智能,primary disclosure/announcement,,Exchange/SEA batch v3 (Jul 30),"No English version found, using Chinese site"
China,Shenzhen Stock Exchange (SZSE),深圳证券交易所,Exchange,Exchange newsroom / listings,https://www.szse.cn/English/about/news/listings/,https://www.szse.cn/English/index.html,en,None — scrape,Weekly,"The Shenzhen Stock Exchange (SZSE) ChiNext market is a key venue for robotics and tech IPOs in China, making its listings pipeline essential for tracking new robotics companies.",P1,page scrape + IPO calendar,robotics IPO;listing;prospectus;ChiNext,primary disclosure/announcement,,Exchange/SEA batch v3 (Jul 30),
China,CIIF,中国国际工业博览会,Exhibition,Exhibition news,https://www.ciif-expo.com/news,https://www.ciif-expo.com/,zh+en,None — scrape,Event-driven,Industrial robotics exhibition announcements,P1,page scrape,工业机器人;展览,product announcements,,Registry v1 (Jul 28),
China,WAIC,世界人工智能大会,Exhibition,Exhibition news,https://www.worldaic.com.cn/,https://www.worldaic.com.cn/,zh+en,None — scrape,Event-driven,AI and robotics exhibition announcements,P1,page scrape,人工智能;机器人,product announcements,,Registry v1 (Jul 28),
China,WRC,世界机器人大会,Exhibition,Exhibition news,https://www.worldrobotconference.com/en/,https://www.worldrobotconference.com/en/,zh+en,None — scrape,Event-driven,Major robotics exhibition announcements and product debuts,P1,page scrape,机器人;展览,product announcements,,Registry v1 (Jul 28),
China,CNIPA,国家知识产权局,Patent,Patent announcements,https://www.cnipa.gov.cn/col/col53/index.html,https://www.cnipa.gov.cn/,zh,None — scrape,Daily,Robotics patent grants and IP policies,P1,page scrape,机器人;专利,patent filings,,Registry v1 (Jul 28),
China,BAAI,北京智源人工智能研究院,Research,Lab news,https://www.baai.ac.cn/news,https://www.baai.ac.cn/,zh+en,None — scrape,Event-driven,AI and embodied AI research updates,P1,page scrape,具身智能;人工智能,research papers,,Registry v1 (Jul 28),
China,Beijing Humanoid Robot Innovation Center,北京人形机器人创新中心,Research,Lab news,https://www.x-humanoid.com/news.html,https://www.x-humanoid.com/,zh,None — scrape,Event-driven,Humanoid robot innovation and development,P1,page scrape,人形机器人;创新,product announcements,,Registry v1 (Jul 28),
China,CAS Institute of Automation,中科院自动化所,Research,Lab news,http://english.ia.cas.cn/,http://english.ia.cas.cn/,zh+en,None — scrape,Event-driven,Fundamental AI and robotics research breakthroughs,P1,page scrape,机器人;人工智能,research papers,,Registry v1 (Jul 28),
China,National Local Joint Humanoid Robot Innovation Center,国家地方共建人形机器人创新中心,Research,Lab news,https://mp.weixin.qq.com/,https://www.nlhc.com.cn/,zh,None — scrape,Event-driven,National humanoid robot innovation projects,P1,page scrape,人形机器人;创新,product announcements,,Registry v1 (Jul 28),Primary channel is official WeChat account 国地共建人形机器人创新中心 (OpenLoong); website unstable overseas. Also openloong.org.cn for open-source releases.; WeChat search: 国地共建人形机器人创新中心
China,Shanghai Innovation Institute,上海创智学院,Research,Research institute,https://www.sii.edu.cn/czxw/list.htm,https://www.sii.edu.cn/,zh,None — scrape,Monthly,"Shanghai Innovation Institute released the tau0-VLA embodied AI model with AgiBot, contributing to advanced robotics research.",P1,page scrape,具身智能;tau0-VLA;机器人;大模型;智元机器人,primary announcement,,Site review v2 (Jul 30),
China,Zhejiang Humanoid Robot Innovation Center,浙江人形机器人创新中心,Research,Research institute,https://www.zj-humanoid.com/,https://www.zj-humanoid.com/,zh,None — scrape,Monthly,Provincial humanoid innovation center developing the NAVIAI series of humanoid robots.,P1,WeChat,人形机器人;NAVIAI;熊蓉,primary announcement,,Site review v2 (Jul 30),WeChat-only
China,SAMR,国家市场监督管理总局,Standards,Standards announcements,https://www.samr.gov.cn/xw/zj/,https://www.samr.gov.cn/,zh,None — scrape,Daily,National robotics standards and market regulations,P1,page scrape,机器人;标准,official policy text,,Registry v1 (Jul 28),
China,Tsinghua University,清华大学自动化系,University,Lab news,https://www.au.tsinghua.edu.cn/en/News.htm,https://www.au.tsinghua.edu.cn/en/,zh+en,None — scrape,Event-driven,Robotics research and academic achievements,P1,page scrape,机器人;人工智能,research papers,,Registry v1 (Jul 28),
China,AgileX Robotics,松灵机器人,Company,Company newsroom,https://global.agilex.ai/blogs/news,https://www.agilex.ai/,en/zh,None — scrape,Occasional,"AgileX Robotics is a leading provider of mobile robot chassis and research platforms, advancing embodied AI and autonomous systems.",P2,page scrape,mobile robot;chassis;embodied AI;ROS2;funding,primary announcement,,Site review v2 (Jul 30),
China,Booster Robotics,加速进化,Company,Company newsroom,https://www.booster.tech/news/,https://www.booster.tech/,en/zh,None — scrape,Occasional,"Beijing-based startup developing developer-friendly humanoid robots for education, research, and sports, notably winning RoboCup championships.",P2,page scrape,humanoid;RoboCup;funding;Booster T1;Booster K1,primary announcement,,Site review v2 (Jul 30),
China,Kepler Robotics,开普勒机器人,Company,Company newsroom,https://www.gotokepler.com/news,https://www.gotokepler.com/,en/zh,None — scrape,Occasional,Shanghai-based humanoid robot maker developing the Forerunner series for commercial and industrial use.,P2,page scrape,humanoid;Forerunner;K2;mass production,primary announcement,,Site review v2 (Jul 30),
China,Kinetix AI,深圳超维动力智能科技有限公司,Company,Company newsroom,https://www.kinetixai.tech/,https://www.kinetixai.tech/,zh/en,None — scrape,Occasional,Shenzhen-based embodied AI startup developing highly human-like humanoid robots (KAI) with 115 degrees of freedom and tactile sensing for real-world tasks including healthcare.,P2,WeChat,具身智能;人形机器人;KAI;北大医疗;融资,primary announcement,,Site review v2 (Jul 30),WeChat-only for news
China,Lumos Robotics,鹿明机器人,Company,Company newsroom,https://www.lumosbot.tech/news.html,https://www.lumosbot.tech/,en/zh,None — scrape,Occasional,"Lumos Robotics is a Chinese startup developing industrial-grade embodied AI and humanoid robots like LUS2, backed by significant funding.",P2,page scrape,humanoid;embodied AI;LUS2;funding;industrial,primary announcement,,Site review v2 (Jul 30),
China,MagicLab Robotics,魔法原子,Company,Company newsroom,https://www.magiclab.top/en/news,https://www.magiclab.top/en,en/zh,None — scrape,Occasional,"Developer of humanoid and quadruped robots like MagicBot Z1 and MagicDog, focusing on industrial and commercial applications.",P2,page scrape,humanoid;quadruped;MagicBot;MagicDog;financing,primary announcement,,Site review v2 (Jul 30),
China,Quicktron Robotics,快仓智能,Company,Company newsroom,https://www.quicktron.com/en_US/news,https://www.quicktron.com,en/zh,None — scrape,Occasional,Leading Chinese provider of autonomous mobile robots (AMRs) and smart intralogistics solutions for warehouses and factories.,P2,page scrape,AMR;warehouse automation;logistics;funding;IPO,primary announcement,,Site review v2 (Jul 30),
China,Roborock,石头科技,Company,Listed company IR/newsroom,https://newsroom.roborock.com/,https://global.roborock.com/,en,RSS: https://global.roborock.com/blogs/news.atom,Occasional,Roborock is a leading manufacturer of intelligent robotic vacuum cleaners and smart home cleaning devices.,P2,RSS,robot vacuum;cleaning robot;smart home;AI navigation;embodied intelligence,primary announcement,SSE: 688169,Site review v2 (Jul 30),
China,XbotPark,松山湖机器人产业基地,Ecosystem,Incubator/cluster,https://www.xbotpark.com/news/,https://www.xbotpark.com,zh,None — scrape,Occasional,"XbotPark is a premier robotics incubator in China founded by Li Zexiang, having incubated over 60 hardware startups including DJI and Narwal.",P2,page scrape + WeChat,孵化;机器人;李泽湘;智能硬件,primary announcement,,Site review v2 (Jul 30),WeChat-only for some updates
China,Shanghai Stock Exchange (SSE) STAR Market,上海证券交易所科创板,Exchange,Exchange newsroom / listings,https://english.sse.com.cn/markets/equities/announcements/,https://star.sse.com.cn/en/,en,None — scrape,Occasional,"The STAR Market is a key venue for Chinese robotics and AI companies to list, making its IPO pipeline and announcements critical for tracking new public robotics entities.",P2,page scrape + IPO calendar,robotics IPO;listing;prospectus;STAR Market,primary disclosure/announcement,,Exchange/SEA batch v3 (Jul 30),
China,HIT,哈尔滨工业大学机器人技术与系统国家重点实验室,University,Lab news,http://robot.hit.edu.cn/news,http://robot.hit.edu.cn/,zh,None — scrape,Event-driven,Robotics technology and systems research,P2,page scrape,机器人;系统,research papers,,Registry v1 (Jul 28),
China,Peking University,北京大学智能学院,University,Lab news,https://www.ai.pku.edu.cn/,https://www.ai.pku.edu.cn/,zh+en,None — scrape,Event-driven,AI and robotics research,P2,page scrape,人工智能;机器人,research papers,,Registry v1 (Jul 28),PKU Institute for AI news list (Chinese). PKU Institute for AI homepage lists dated news items (Chinese); no stable subpage.
China,SJTU,上海交通大学机械与动力工程学院,University,Lab news,https://me.sjtu.edu.cn/news.html,https://me.sjtu.edu.cn/,zh+en,None — scrape,Event-driven,Mechanical engineering and robotics research,P2,page scrape,机器人;机械,research papers,,Registry v1 (Jul 28),
China,Zhejiang University,浙江大学控制科学与工程学院,University,Lab news,http://www.cse.zju.edu.cn/english/news/list.htm,http://www.cse.zju.edu.cn/english/,zh+en,None — scrape,Event-driven,Robotics and control science research,P2,page scrape,机器人;控制,research papers,,Registry v1 (Jul 28),
China,36Kr,36氪,Wire(verification-only),Tech news aggregator,https://36kr.com/,https://36kr.com/,zh,None — scrape,Daily,General tech and robotics news aggregation,P2,page scrape,机器人;融资,media reports,,Registry v1 (Jul 28),
China,Jiqizhixin,机器之心,Wire(verification-only),AI news aggregator,https://www.jiqizhixin.com/,https://www.jiqizhixin.com/,zh,None — scrape,Daily,AI and robotics news aggregation,P2,page scrape,机器人;人工智能,media reports,,Registry v1 (Jul 28),
China,QbitAI,量子位,Wire(verification-only),AI news aggregator,https://www.qbitai.com/,https://www.qbitai.com/,zh,None — scrape,Daily,AI and tech news aggregation,P2,page scrape,机器人;人工智能,media reports,,Registry v1 (Jul 28),
Japan,"Hitachi, Ltd.",株式会社日立製作所,Company,Listed company IR/newsroom,https://www.hitachi.com/en/press/,https://www.hitachi.com/en/,en/ja,None — scrape,Daily,Hitachi group robotics R&D and automation (incl. Hitachi Astemo),P0,page scrape,robotics;automation;AI;Astemo;R&D,primary announcement,TYO: 6501,Site review v2 (Jul 30),
Japan,EDINET,金融商品取引法に基づく有価証券報告書等の開示書類に関する電子開示システム,Disclosure,Financial regulator disclosure,https://disclosure2.edinet-fsa.go.jp/week0020.aspx,https://disclosure2.edinet-fsa.go.jp/,en,API: EDINET API,Daily,Statutory financial filings (securities reports) of listed robotics companies.,P0,API,robotics; automation; financial results,financial filings,,Registry v1 (Jul 28),API available for programmatic access.
Japan,TDnet,適時開示情報伝達システム,Disclosure,Stock exchange disclosure,https://www.jpx.co.jp/english/equities/listing/disclosure/index.html,https://www.jpx.co.jp/english/,en,API: TDnet API,Daily,Timely disclosure of financial results and corporate actions by listed robotics companies.,P0,API,robotics; automation; financial results,financial filings,,Registry v1 (Jul 28),API available for programmatic access.
Japan,NEDO,新エネルギー・産業技術総合開発機構,Government,Agency press releases,https://www.nedo.go.jp/english/news/activities_index.html,https://www.nedo.go.jp/english/,en,None — scrape,Weekly,Major robotics R&D project funding and results announcements.,P0,page scrape,robotics; AI; automation; Moonshot,funding filings,,Registry v1 (Jul 28),English translations available.
Japan,JARA,日本ロボット工業会,Association,Industry association news,https://www.jara.jp/e/,https://www.jara.jp/e/,en,None — scrape,Monthly,Industry statistics and association news for the Japanese robotics sector.,P1,page scrape,robotics; statistics; industry,industry statistics,,Registry v1 (Jul 28),English interface available.
Japan,RRI,ロボット革命・産業IoTイニシアティブ協議会,Association,Initiative news,https://www.jmfrri.gr.jp/news/english/,https://www.jmfrri.gr.jp/english/outline/overview,en,None — scrape,Monthly,Updates on the Robot Revolution and Industrial IoT Initiative.,P1,page scrape,robotics; IoT; automation,industry initiatives,,Registry v1 (Jul 28),English interface available.
Japan,Genki Robotics,Genki Robotics合同会社,Company,Company newsroom,https://genki.com/,https://genki.com/,en,None — scrape,Occasional,"Genki Robotics is a Tokyo-based humanoid robotics startup founded by Android creator Andy Rubin, focusing on practical applications of physical AI.",P1,page scrape,humanoid;Andy Rubin;Series A;physical AI,primary announcement,,Site review v2 (Jul 30),
Japan,Komatsu,株式会社小松製作所,Company,Listed company IR/newsroom,https://www.komatsu.jp/en/newsroom,https://www.komatsu.jp/en,en/ja,None — scrape,Weekly,"Komatsu is a major manufacturer of autonomous construction and mining equipment, making it a key source for heavy industry robotics news.",P1,page scrape,autonomous;mining;construction;automation;smart construction,primary announcement,TSE: 6301,Site review v2 (Jul 30),
Japan,Kubota,株式会社クボタ,Company,Listed company IR/newsroom,https://www.kubota.com/newsroom/,https://www.kubota.com/,en/ja,None — scrape,Monthly,Kubota is a major manufacturer of agricultural machinery and is developing autonomous farming equipment like Agri Robo.,P1,page scrape,Agri Robo;autonomous;robotics;smart agriculture;automation,primary announcement,TYO: 6326,Site review v2 (Jul 30),
Japan,Sony AI,ソニーAI,Company,IR announcements,https://ai.sony/news,https://ai.sony/,en,None — scrape,Monthly,Research updates and press releases on AI and robotics.,P1,page scrape,robotics; AI; automation,corporate announcements,,Registry v1 (Jul 28),English interface available.
Japan,TechMagic,TechMagic株式会社,Company,Company newsroom,https://techmagic.co.jp/news/,https://techmagic.co.jp/,ja,None — scrape,Monthly,"TechMagic develops automated cooking and serving robots for the food service industry, addressing labor shortages with AI and robotics.",P1,page scrape,調理ロボット;業務ロボット;I-Robo;資金調達,primary announcement,,Site review v2 (Jul 30),
Japan,Toyota Research Institute,トヨタ・リサーチ・インスティテュート,Company,IR announcements,https://www.tri.global/news,https://www.tri.global/,en,None — scrape,Monthly,Research updates and press releases on robotics and AI.,P1,page scrape,robotics; AI; automation,corporate announcements,,Registry v1 (Jul 28),English interface available.
Japan,Japan Exchange Group (JPX) / Tokyo Stock Exchange,日本取引所グループ / 東京証券取引所,Exchange,Exchange newsroom / listings,https://www.jpx.co.jp/english/listing/stocks/new/,https://www.jpx.co.jp/english/,en,None — scrape,Weekly,Crucial for tracking robotics and AI startup IPOs and listings on the Tokyo Stock Exchange Growth market.,P1,page scrape + IPO calendar,robotics IPO;listing;prospectus;startup;Growth market,primary disclosure/announcement,,Exchange/SEA batch v3 (Jul 30),
Japan,Cabinet Office Moonshot,内閣府 ムーンショット型研究開発制度,Government,Program news,https://www8.cao.go.jp/cstp/english/moonshot/top.html,https://www8.cao.go.jp/cstp/english/moonshot/top.html,en,None — scrape,Monthly,Updates on the Moonshot R&D program including robotics goals.,P1,page scrape,robotics; AI; Moonshot,funding filings,,Registry v1 (Jul 28),English translations available.
Japan,MIC,総務省,Government,Ministry press releases,https://www.soumu.go.jp/main_sosiki/joho_tsusin/eng/pressrelease/index.html,https://www.soumu.go.jp/main_sosiki/joho_tsusin/eng/,en,None — scrape,Weekly,Telecommunications and AI/robotics infrastructure policy.,P1,page scrape,AI; robotics; telecommunications,official policy text,,Registry v1 (Jul 28),English translations available.
Japan,Yamaha Motor Robotics,ヤマハ発動機株式会社 ロボティクス事業部,Listed Company Division,,https://global.yamaha-motor.com/business/robot/news/,https://global.yamaha-motor.com/business/robot/,en/ja,RSS: https://global.yamaha-motor.com/rss/,Monthly,"Yamaha Motor Robotics is a major player in industrial automation, SMT, and autonomous vehicles, providing key insights into factory automation trends.",P1,RSS,robotics;SCARA;SMT;automation;industrial robots,primary announcement,TOKYO: 7272,Site review v2 (Jul 30),
Japan,J-PlatPat,特許情報プラットフォーム,Patent,Patent database,https://www.j-platpat.inpit.go.jp/?uri=/s0000/en,https://www.j-platpat.inpit.go.jp/?uri=/s0000/en,en,None — scrape,Weekly,Patent applications and grants for robotics technologies.,P1,page scrape,robotics; AI; automation,patent filings,,Registry v1 (Jul 28),English interface available.
Japan,AIST,産業技術総合研究所,Research,Institute news,https://www.aist.go.jp/aist_e/list/highlights/2018/vol6/,https://www.aist.go.jp/aist_e/,en,None — scrape,Monthly,Research highlights and press releases on robotics R&D.,P1,page scrape,robotics; AI; humanoid,research results,,Registry v1 (Jul 28),English interface available.
Japan,ATR,国際電気通信基礎技術研究所,Research,Institute news,https://dil.atr.jp/ISL/en/institute,https://dil.atr.jp/ISL/en/,en,None — scrape,Monthly,Research highlights and press releases on intelligent robotics and communication.,P1,page scrape,robotics; AI; communication,research results,,Registry v1 (Jul 28),English interface available.
Japan,RIKEN,理化学研究所,Research,Institute news,https://www.riken.jp/en/research/labs/aip/phys/robo-sys/index.html,https://www.riken.jp/en/,en,None — scrape,Monthly,Research highlights and press releases on robotics and AI R&D.,P1,page scrape,robotics; AI; automation,research results,,Registry v1 (Jul 28),English interface available.
Japan,e-Stat METI Machinery Statistics,e-Stat 機械統計,Statistics,Government statistics,https://www.e-stat.go.jp/en,https://www.e-stat.go.jp/en,en,None — scrape,Monthly,Official statistics on industrial robot production and orders.,P1,page scrape,robotics; machinery; production,official statistics,,Registry v1 (Jul 28),English interface available.
Japan,JSK Lab,東京大学 情報システム工学研究室,University,Lab news,http://www.jsk.t.u-tokyo.ac.jp/,http://www.jsk.t.u-tokyo.ac.jp/,en,None — scrape,Monthly,Research updates and publications from the JSK Lab at the University of Tokyo.,P1,page scrape,robotics; humanoid; AI,research results,,Registry v1 (Jul 28),English interface available.
Japan,JEMA,日本電機工業会,Association,Industry association news,https://www.jema-net.or.jp/English/about/2025.html,https://www.jema-net.or.jp/English/index.html,en,None — scrape,Monthly,News and statistics related to electrical manufacturing including industrial apparatus.,P2,page scrape,robotics; automation; electrical,industry statistics,,Registry v1 (Jul 28),English interface available.
Japan,Japan Robot Association (JARA),日本ロボット工業会,Association,Industry association,https://www.jara.jp/e/news/index.html,https://www.jara.jp/e/,en/ja,None — scrape,Occasional,"Authoritative source for Japanese robot production and order statistics, representing a major portion of global supply.",P2,page scrape,statistics;quarterly results;yearly results;orders;production,primary disclosure/announcement,,Exchange/SEA batch v3 (Jul 30),
Japan,Keyence,キーエンス,Company,Listed company IR/newsroom,https://www.keyence.com/news-events/,https://www.keyence.com/,en/ja,None — scrape,Occasional,"Keyence is a global leader in machine vision, sensors, and factory automation technologies critical for AI robotics.",P2,page scrape,sensor;machine vision;automation;product release,primary announcement,TSE: 6861,Site review v2 (Jul 30),
Japan,Mitsui Fudosan,三井不動産株式会社,Company,Listed company IR/newsroom,https://www.mitsuifudosan.co.jp/english/corporate/news/,https://www.mitsuifudosan.co.jp/english/,en,None — scrape,Occasional,Mitsui Fudosan is a major Japanese real estate developer that recently funded the PASTEC physical-AI semiconductor centre in Kumamoto.,P2,page scrape,robotics;AI;semiconductor;Kumamoto;PASTEC,primary announcement,8801.T,Site review v2 (Jul 30),
Japan,Suzumo Machinery,鈴茂器工,Company,Listed company IR/newsroom,https://www.suzumokikou.com/news,https://www.suzumokikou.com/,en/ja,None — scrape,Occasional,"Suzumo Machinery is a leading manufacturer of sushi and food preparation robots, automating food service and manufacturing.",P2,page scrape,sushi robot;rice-serving robot;food automation;S-Cube;FOOMA,primary announcement,TSE: 6405,Site review v2 (Jul 30),
Japan,iREX,国際ロボット展,Exhibition,Exhibition news,https://global.yamaha-motor.com/showroom/event/2025-irex/,https://global.yamaha-motor.com/showroom/event/2025-irex/,en,None — scrape,Event-driven,News and announcements related to the International Robot Exhibition.,P2,page scrape,robotics; exhibition; iREX,event announcements,,Registry v1 (Jul 28),English interface available.
Japan,Kumamoto Prefecture Government,熊本県,Government,Government press releases,https://www.pref.kumamoto.jp/soshiki/list1-1.html,https://www.pref.kumamoto.jp/,ja/en,RSS: https://www.pref.kumamoto.jp/rss/10/list3.xml,Occasional,"Regional government in Japan where TSMC JASM is located, potentially relevant for semiconductor and physical AI chip hub developments.",P2,RSS,TSMC;JASM;semiconductor;AI chip;robotics,primary announcement,,Site review v2 (Jul 30),
Japan,Japan Times,ジャパンタイムズ,Wire(verification-only),General media,https://www.japantimes.co.jp/,https://www.japantimes.co.jp/,en,None — scrape,Daily,General news media for verification purposes.,P2,page scrape,robotics; automation; business,verification,,Registry v1 (Jul 28),Secondary source.
Japan,Kyodo News,共同通信,Wire(verification-only),General media,https://english.kyodonews.net/,https://english.kyodonews.net/,en,None — scrape,Daily,General news media for verification purposes.,P2,page scrape,robotics; automation; business,verification,,Registry v1 (Jul 28),Secondary source.
Japan,Nikkei,日本経済新聞,Wire(verification-only),General media,https://asia.nikkei.com/,https://asia.nikkei.com/,en,None — scrape,Daily,General news media for verification purposes.,P2,page scrape,robotics; automation; business,verification,,Registry v1 (Jul 28),Secondary source.
Japan,Cyberdyne,サイバーダイン,Company,IR announcements,https://www.cyberdyne.jp/en/news,https://www.cyberdyne.jp/en/,en,None — scrape,Monthly,"Corporate news, product launches, and research updates on rehabilitation robotics.",P1,page scrape,robotics; rehabilitation; automation,,,Registry v1 (Jul 28),
Japan,Denso Wave,デンソーウェーブ,Company,IR announcements,https://www.denso-wave.com/en/robot/info/,https://www.denso-wave.com/en/,en,None — scrape,Monthly,"Corporate news, product launches, and financial results.",P1,page scrape,robotics; automation; cobots,,,Registry v1 (Jul 28),
Japan,Epson Robots,エプソン販売,Company,IR announcements,https://news.epson.com/news,https://epson.com/usa,en,None — scrape,Monthly,"Corporate news, product launches, and financial results.",P1,page scrape,robotics; automation; SCARA,,,Registry v1 (Jul 28),
Japan,FANUC,ファナック,Company,IR announcements,https://www.fanuc.co.jp/en/profile/pr/newsrelease/,https://www.fanuc.co.jp/en/,en,None — scrape,Weekly,"Corporate news, product launches, and financial results.",P0,page scrape,robotics; CNC; automation,,,Registry v1 (Jul 28),
Japan,GITAI,GITAI,Company,IR announcements,https://gitai.tech/news/,https://gitai.tech/,en,None — scrape,Monthly,"Corporate news, product launches, and research updates on space robotics.",P1,page scrape,robotics; space; automation,,,Registry v1 (Jul 28),
Japan,Honda,本田技研工業,Company,IR announcements,https://global.honda/en/robotics/,https://global.honda/en/,en,None — scrape,Monthly,"Corporate news, product launches, and research updates on robotics.",P1,page scrape,robotics; ASIMO; AI,,,Registry v1 (Jul 28),
Japan,Kawada Robotics,カワダロボティクス,Company,IR announcements,https://www.kawada.jp/global/news/,https://www.kawada.jp/global/,en,None — scrape,Monthly,"Corporate news, product launches, and research updates on humanoid robots.",P1,page scrape,robotics; humanoid; automation,,,Registry v1 (Jul 28),
Japan,Kawasaki Robotics,川崎重工業 ロボットビジネスセンター,Company,IR announcements,https://kawasakirobotics.com/news/,https://kawasakirobotics.com/,en,None — scrape,Weekly,"Corporate news, product launches, and financial results.",P0,page scrape,robotics; automation; cobots,,,Registry v1 (Jul 28),
Japan,Mitsubishi Electric,三菱電機,Company,IR announcements,https://www.meaa-mea.com/category/press-releases/,https://www.mitsubishielectric.com/en/,en,None — scrape,Weekly,"Corporate news, product launches, and financial results.",P0,page scrape,robotics; automation; AI,,,Registry v1 (Jul 28),
Japan,Mujin,ムジン,Company,IR announcements,https://mujin-corp.com/resources/news,https://mujin-corp.com/,en,None — scrape,Monthly,"Corporate news, product launches, and research updates on robotics.",P1,page scrape,robotics; AI; automation,,,Registry v1 (Jul 28),
Japan,Nabtesco,ナブテスコ,Company,IR announcements,https://precision.nabtesco.com/en/event/,https://precision.nabtesco.com/en/,en,None — scrape,Monthly,"Corporate news, product launches, and financial results.",P1,page scrape,robotics; automation; precision,,,Registry v1 (Jul 28),
Japan,Nachi-Fujikoshi,不二越,Company,IR announcements,https://www.nachi-fujikoshi.co.jp/eng.html,https://www.nachi-fujikoshi.co.jp/eng.html,en,None — scrape,Monthly,"Corporate news, product launches, and financial results.",P1,page scrape,robotics; automation; hydraulics,,,Registry v1 (Jul 28),
Japan,Omron,オムロン,Company,IR announcements,https://robotics.omron.com/news/,https://robotics.omron.com/,en,None — scrape,Weekly,"Corporate news, product launches, and financial results.",P0,page scrape,robotics; automation; AMR,,,Registry v1 (Jul 28),
Japan,Preferred Networks,プリファードネットワークス,Company,IR announcements,https://www.preferred.jp/en/news,https://www.preferred.jp/en/,en,None — scrape,Monthly,"Corporate news, product launches, and research updates on AI and robotics.",P1,page scrape,robotics; AI; automation,,,Registry v1 (Jul 28),
Japan,Rapyuta Robotics,ラピュタロボティクス,Company,IR announcements,https://www.rapyuta-robotics.com/category/press-release/,https://www.rapyuta-robotics.com/,en,None — scrape,Monthly,"Corporate news, product launches, and research updates on cloud robotics.",P1,page scrape,robotics; cloud; automation,,,Registry v1 (Jul 28),
Japan,SoftBank Robotics,ソフトバンクロボティクス,Company,IR announcements,https://www.softbankrobotics.com/news/,https://www.softbankrobotics.com/,en,None — scrape,Monthly,"Corporate news, product launches, and financial results.",P1,page scrape,robotics; automation; AI,,,Registry v1 (Jul 28),
Japan,Telexistence,テレイグジスタンス,Company,IR announcements,https://tx-inc.com/en/press/,https://tx-inc.com/en/,en,None — scrape,Monthly,"Corporate news, product launches, and research updates on robotics.",P1,page scrape,robotics; AI; automation,,,Registry v1 (Jul 28),
Japan,Yaskawa,安川電機,Company,IR announcements,https://www.yaskawa-global.com/newsrelease,https://www.yaskawa-global.com/,en,None — scrape,Weekly,"Corporate news, product launches, and financial results.",P0,page scrape,robotics; automation; drives,,,Registry v1 (Jul 28),
Japan,METI,経済産業省,Government,Ministry press releases,https://www.meti.go.jp/english/press/index.html,https://www.meti.go.jp/english/,en,None — scrape,Daily,"National robotics policy, funding, and industrial strategy announcements.",P0,page scrape,robotics; AI; automation; manufacturing,,,Registry v1 (Jul 28),
South Korea,Hyundai Motor Group / Boston Dynamics,현대자동차그룹,Company,Corporate newsroom,https://www.hyundaimotorgroup.com/en/tag/robotics,https://www.hyundaimotorgroup.com/,en,None - scrape,Event-driven,"Major announcements on AI robotics, Boston Dynamics integration, and humanoid developments.",P0,page scrape,"robotics, AI, Boston Dynamics, humanoid","corporate strategy, product launches",,Registry v1 (Jul 28),English and Korean available
South Korea,Samsung Electronics,삼성전자,Company,Corporate newsroom,https://news.samsung.com/global/,https://news.samsung.com/,en,None - scrape,Event-driven,"Announcements on AI-driven factories, robotics division (RX), and consumer/industrial robots.",P0,page scrape,"robotics, AI, humanoid, RX","corporate strategy, product launches",,Registry v1 (Jul 28),English and Korean available
South Korea,Financial Supervisory Service (FSS) DART,금융감독원 전자공시시스템,Disclosure,Corporate filings,https://dart.fss.or.kr/,https://dart.fss.or.kr/,ko,API: OpenDART,Daily,"Official corporate filings, financial reports, and major business decisions of listed robotics companies.",P0,API,"로봇, 투자, 실적, 공시","financial filings, corporate actions",,Registry v1 (Jul 28),"Korean language primary, OpenDART API available"
South Korea,Korea Exchange (KRX) KIND,한국거래소 KIND,Disclosure,Exchange disclosures,https://kind.krx.co.kr/,https://kind.krx.co.kr/,ko,None - scrape,Daily,"Real-time corporate disclosures, IPO information, and trading halts for listed robotics companies.",P0,page scrape,"로봇, 상장, 공시, IPO","IPO filings, exchange disclosures",,Registry v1 (Jul 28),Korean language only
South Korea,Ministry of Science and ICT (MSIT),과학기술정보통신부,Government,Ministry press releases,https://www.msit.go.kr/bbs/list.do?sCode=user&mId=307&mPid=208,https://www.msit.go.kr/,ko,None - scrape,Daily,"Official announcements on AI, ICT, and science R&D budgets and policies.",P0,page scrape,"인공지능, 로봇, R&D, 과학기술","official policy text, R&D funding",,Registry v1 (Jul 28),"Korean language only, requires translation"
South Korea,"Ministry of Trade, Industry and Energy (MOTIE)",산업통상자원부,Government,Ministry press releases,https://www.motir.go.kr/kor/article/ATCL3f49a5a8c,https://www.motir.go.kr/,ko,None - scrape,Daily,"Official government policy, funding, and strategy announcements for the robotics and manufacturing sectors.",P0,page scrape,"로봇, 인공지능, 스마트제조, 자동화","official policy text, government funding",,Registry v1 (Jul 28),"Korean language only, requires translation"
South Korea,K-Humanoid Alliance,K-휴머노이드 연합,Association,Alliance announcements,https://www.motir.go.kr/kor/article/ATCL3f49a5a8c/170404/view,https://www.motir.go.kr/,ko,None - scrape,Event-driven,"Announcements on national humanoid initiatives, AI foundation models, and industry collaboration.",P1,page scrape,"humanoid, alliance, AI foundation model, robotics","national strategy, industry collaboration",,Registry v1 (Jul 28),Korean language primary
South Korea,Korea Association of AI Robot Industry (KAR),한국AI로봇산업협회,Association,Association press releases,https://www.korearobot.or.kr/information/notice.htm,https://www.korearobot.or.kr/,ko,None - scrape,Weekly,"Industry association news, exhibition announcements (RobotWorld), and member company updates.",P1,page scrape,"로봇, 전시회, 회원사, 동향","industry trends, exhibition details",,Registry v1 (Jul 28),Korean language only
South Korea,Bear Robotics,베어로보틱스,Company,Corporate newsroom,https://kr.bearrobotics.ai/news,https://kr.bearrobotics.ai/,ko,None - scrape,Event-driven,"Announcements on service robots, AMRs, and LG Electronics partnership.",P1,page scrape,"service robot, AMR, LG, logistics","product launches, corporate partnerships",,Registry v1 (Jul 28),Korean and English available
South Korea,Doosan Robotics,두산로보틱스,Company,Corporate newsroom,https://www.doosanrobotics.com/en/about/promotion/news/,https://www.doosanrobotics.com/,en,None - scrape,Event-driven,"Announcements on collaborative robots, AI palletizing solutions, and global partnerships.",P1,page scrape,"collaborative robot, AI, palletizing, automation","product launches, corporate partnerships",,Registry v1 (Jul 28),English and Korean available
South Korea,HD Hyundai Robotics,HD현대로보틱스,Company,Corporate newsroom,http://hd-hyundairobotics.com/company/news,http://hd-hyundairobotics.com/,ko,None - scrape,Event-driven,"Announcements on industrial AI robots, welding solutions, and smart factory automation.",P1,page scrape,"산업용 로봇, 인공지능, 스마트팩토리, 자동화","product launches, corporate partnerships",,Registry v1 (Jul 28),Korean and English available
South Korea,Hanwha Robotics,한화로보틱스,Company,Corporate newsroom,https://hanwharobotics.co.kr/kr/newsroom/board?menuSeq=27,https://hanwharobotics.co.kr/,ko,None - scrape,Event-driven,"Announcements on collaborative robots, AGVs, and industrial automation.",P1,page scrape,"협동로봇, AGV, 자동화, 인공지능","product launches, corporate partnerships",,Registry v1 (Jul 28),Korean and English available
South Korea,LG Electronics / LG AI Research,LG전자 / LG AI연구원,Company,Corporate newsroom,https://www.lg.com/global/newsroom/news/,https://www.lg.com/,en,None - scrape,Event-driven,"Announcements on home robots (CLOiD), robotics business center, and AI research.",P1,page scrape,"robotics, AI, CLOiD, home robot","corporate strategy, product launches",,Registry v1 (Jul 28),English and Korean available
South Korea,Naver Labs,네이버랩스,Company,Corporate newsroom,https://www.navercorp.com/en/media/pressReleases,https://www.naverlabs.com/,en,None - scrape,Event-driven,"Announcements on AI for robotics, robot brain (DIVINE), and spatial intelligence.",P1,page scrape,"robotics, AI, spatial intelligence, robot brain","research breakthroughs, product launches",,Registry v1 (Jul 28),English and Korean available
South Korea,Neuromeka,뉴로메카,Company,Corporate newsroom,https://en.neuromeka.com/news,https://en.neuromeka.com/,en,None - scrape,Event-driven,"Announcements on collaborative robots, physical AI humanoid platforms (EIR), and factory automation.",P1,page scrape,"collaborative robot, humanoid, physical AI, automation","product launches, corporate partnerships",,Registry v1 (Jul 28),English and Korean available
South Korea,Rainbow Robotics,레인보우로보틱스,Company,Corporate newsroom,https://www.rainbow-robotics.com/en_pr,https://www.rainbow-robotics.com/,en,None - scrape,Event-driven,"Announcements on humanoid robots, collaborative robots, and Samsung partnership.",P1,page scrape,"humanoid, collaborative robot, Samsung, AI","product launches, corporate partnerships",,Registry v1 (Jul 28),English and Korean available
South Korea,Robotis,로보티즈,Company,Corporate newsroom,https://www.robotis.us/about-us/,https://www.robotis.com/,en,None - scrape,Event-driven,"Announcements on actuators (Dynamixel), humanoid prototypes, and service robots.",P1,page scrape,"actuator, Dynamixel, humanoid, service robot","product launches, corporate partnerships",,Registry v1 (Jul 28),English and Korean available
South Korea,SK Telecom,SK텔레콤,Company,Corporate newsroom,https://news.sktelecom.com/en/category/press-center/press-release,https://news.sktelecom.com/,en,None - scrape,Event-driven,"Announcements on AI robot-based logistics, telco edge AI, and physical AI.",P1,page scrape,"robotics, AI, logistics, telco edge AI","corporate strategy, product launches",,Registry v1 (Jul 28),English and Korean available
South Korea,Wonik Robotics,원익로보틱스,Company,Corporate newsroom,https://www.allegrohand.com/sub/about/news.php,https://wonikrobotics.com/,en,None - scrape,Event-driven,"Announcements on Allegro Hand, tactile sensors, and AI-based AMRs.",P1,page scrape,"Allegro Hand, tactile sensor, AMR, humanoid","product launches, corporate partnerships",,Registry v1 (Jul 28),English and Korean available
South Korea,Korea Exchange (KRX),한국거래소,Exchange,Exchange newsroom / listings,https://global.krx.co.kr/contents/GLB/02/0203/0203000000/GLB0203000000.jsp,https://global.krx.co.kr/,en,None — scrape,Weekly,Key source for tracking KOSDAQ robotics IPOs and new listings like KNR Systems and Robotis.,P1,page scrape + IPO calendar,robotics IPO;listing;prospectus,primary disclosure/announcement,,Exchange/SEA batch v3 (Jul 30),
South Korea,Korea Institute for Advancement of Technology (KIAT),한국산업기술진흥원,Government,Agency press releases,https://www.kiat.or.kr/front/board/boardContentsListPage.do?board_id=90,https://www.kiat.or.kr/,ko,None - scrape,Weekly,Announcements on industrial technology innovation funding and R&D support.,P1,page scrape,"로봇, R&D, 기술혁신, 지원사업","R&D funding, technology policy",,Registry v1 (Jul 28),Korean language only
South Korea,Korea Institute for Robot Industry Advancement (KIRIA),한국로봇산업진흥원,Government,Agency press releases,https://www.kiria.org/portal/info/portalInfoNewsClipSideList.do,https://www.kiria.org/,ko,None - scrape,Weekly,"Announcements on robot industry promotion, certification, and commercialization support.",P1,page scrape,"로봇, 인증, 지원사업, 상용화","certification status, government support programs",,Registry v1 (Jul 28),Korean language only
South Korea,South Gyeongsang Provincial Government,경상남도,Government,Government press releases,https://www.gyeongnam.go.kr/board/list.gyeong?boardId=BBS_0000060&menuCd=DOM_000000135002001000,https://www.gyeongnam.go.kr/,ko,API: 경상남도_보도자료,Daily,South Gyeongsang Provincial Government announced a KRW 21 trillion investment plan to lead the physical AI and robotics industry by 2035.,P1,API,피지컬 AI;로봇;투자;제조업;스마트공장,primary announcement,,Site review v2 (Jul 30),"JS-rendered, connection issues from some locations"
South Korea,Korea Intellectual Property Rights Information Service (KIPRIS),특허정보검색서비스,Patent,Patent database,https://www.kipris.or.kr/,https://www.kipris.or.kr/,ko,API: KIPRISPlus,Daily,Official patent filings and intellectual property registrations for robotics technologies.,P1,API,"로봇, 제어, 구동기, 센서","patent filings, technology ownership",,Registry v1 (Jul 28),"Korean language primary, KIPRISPlus API available"
South Korea,Electronics and Telecommunications Research Institute (ETRI),한국전자통신연구원,Research,Research institute news,https://www.etri.re.kr/eng/bbs/list.etri?b_board_id=ENG02,https://www.etri.re.kr/,en,None - scrape,Weekly,"Developments in AI, robotics, telecommunications, and autonomous systems.",P1,page scrape,"로봇, 인공지능, 자율주행, 통신","research breakthroughs, technology transfer",,Registry v1 (Jul 28),Korean and English available
South Korea,Korea Institute of Industrial Technology (KITECH),한국생산기술연구원,Research,Research institute news,https://www.kitech.re.kr/pages/61,https://www.kitech.re.kr/,ko,None - scrape,Weekly,"Developments in advanced manufacturing robots, wearable robots, and industrial automation.",P1,page scrape,"로봇, 제조, 웨어러블, 자동화","research breakthroughs, technology transfer",,Registry v1 (Jul 28),Korean language primary
South Korea,Korea Institute of Machinery & Materials (KIMM),한국기계연구원,Research,Research institute news,https://www.kimm.re.kr/eng/sub011001,https://www.kimm.re.kr/,en,None - scrape,Weekly,"Developments in AI robotics, wearable robots, and advanced manufacturing technologies.",P1,page scrape,"로봇, 인공지능, 웨어러블, 제조","research breakthroughs, technology transfer",,Registry v1 (Jul 28),Korean and English available
South Korea,Korea Institute of Robotics and Technology Convergence (KIRO),한국로봇융합연구원,Research,Research institute news,https://www.kiro.re.kr/enjoy/news.asp,https://www.kiro.re.kr/,ko,None - scrape,Weekly,"Robotics R&D, technology convergence, and commercialization of robotics technologies.",P1,page scrape,"로봇, 융합, 연구, 상용화","research breakthroughs, technology transfer",,Registry v1 (Jul 28),Korean and English available
South Korea,Korea Institute of Science and Technology (KIST),한국과학기술연구원,Research,Research institute news,https://kist-air.wixsite.com/ari2021,https://www.kist.re.kr/,ko,None - scrape,Weekly,"Developments in AI, social robots, and assistive robotics from KIST AI and Robotics Institute.",P1,page scrape,"로봇, 인공지능, 연구, 헬스케어","research breakthroughs, technology transfer",,Registry v1 (Jul 28),Korean and English available
South Korea,Daegu Gyeongbuk Institute of Science and Technology (DGIST),대구경북과학기술원,University,University news and research,https://www.dgist.ac.kr/prog/bbsArticle/BBSMSTR_000000000080/list.do,https://www.dgist.ac.kr/,ko,None - scrape,Weekly,"Robotics research, sustainable robotics, and physical AI developments.",P1,page scrape,"로봇, 인공지능, 연구, 지속가능","research breakthroughs, lab developments",,Registry v1 (Jul 28),Korean and English available
South Korea,Korea Advanced Institute of Science and Technology (KAIST),한국과학기술원,University,University news and research,https://news.kaist.ac.kr/news/html/news/?skey=category&sval=%EC%97%B0%EA%B5%AC,https://www.kaist.ac.kr/,ko,None - scrape,Weekly,"Cutting-edge robotics research, humanoid developments, and AI lab news.",P1,page scrape,"로봇, 인공지능, 연구, 휴머노이드","research breakthroughs, lab developments",,Registry v1 (Jul 28),Korean and English available
South Korea,Pohang University of Science and Technology (POSTECH),포항공과대학교,University,University news and research,https://www.postech.ac.kr/kor/newscenter/university-news.do,https://www.postech.ac.kr/,ko,None - scrape,Weekly,"Robotics research, bionics, and intelligent robot developments.",P1,page scrape,"로봇, 인공지능, 연구, 지능로봇","research breakthroughs, lab developments",,Registry v1 (Jul 28),Korean and English available
South Korea,Ulsan National Institute of Science and Technology (UNIST),울산과학기술원,University,University news and research,https://news.unist.ac.kr/,https://www.unist.ac.kr/,ko,None - scrape,Weekly,"Robotics research, artificial muscles, and social robot developments.",P1,page scrape,"로봇, 인공지능, 연구, 인공근육","research breakthroughs, lab developments",,Registry v1 (Jul 28),Korean and English available
South Korea,Korea Association of Robot Industry (KAR),한국AI‧로봇산업협회,Association,Industry association,https://korearobot.or.kr/information/notice.htm,https://www.korearobot.or.kr/eng/,ko/en,None — scrape,Weekly,"Provides updates on Korean robotics industry policies, exhibitions, and government support programs.",P2,page scrape,robotics;AI;exhibition;policy;support,primary disclosure/announcement,,Exchange/SEA batch v3 (Jul 30),
South Korea,Angel Robotics,엔젤로보틱스,Company,Corporate newsroom,https://www.angel-robotics.com/ko/company/newsroom,https://www.angel-robotics.com/,ko,None - scrape,Event-driven,"Announcements on wearable robots, exoskeletons, and healthcare robotics.",P2,page scrape,"wearable robot, exoskeleton, healthcare, rehabilitation","product launches, corporate partnerships",,Registry v1 (Jul 28),Korean and English available
South Korea,Clobot,클로봇,Company,Corporate newsroom,https://clobot.co.kr/news,https://clobot.co.kr/,ko,None - scrape,Event-driven,"Announcements on autonomous driving software for robots, fleet management, and logistics robotics.",P2,page scrape,"autonomous driving, fleet management, logistics, AMR","product launches, corporate partnerships",,Registry v1 (Jul 28),Korean language primary
South Korea,HYODOL,효돌,Company,Company newsroom,https://hyodol.com/notice,https://hyodol.com/,ko/en,None — scrape,Occasional,"Hyodol develops AI-powered companion robots for elderly care, providing health monitoring and emotional support.",P2,page scrape,AI care robot;elderly care;companion robot;MWC;FDA,primary announcement,,Site review v2 (Jul 30),
South Korea,KNR Systems,케이엔알시스템,Company,Listed company IR/newsroom,http://knrsys.com/bbs/board.php?bo_table=n2024,https://www.knrsys.com/eng/,ko,None — scrape,Occasional,"KNR Systems is a KOSDAQ-listed company specializing in hydraulic robotic arms, mobile robots, and testing equipment for extreme environments.",P2,page scrape,유압로봇;로봇;시험장비;케이엔알시스템,primary announcement,KOSDAQ: 199430,Site review v2 (Jul 30),
South Korea,Robostar,로보스타,Company,Corporate newsroom,https://www.robostar.com/en/customer/topics,https://www.robostar.com/,en,None - scrape,Event-driven,"Announcements on industrial robots, SCARA robots, and factory automation.",P2,page scrape,"industrial robot, SCARA, automation, LG","product launches, corporate partnerships",,Registry v1 (Jul 28),English and Korean available
South Korea,T-Robotics,티로보틱스,Company,Corporate newsroom,https://finance.naver.com/item/news.naver?code=117730,http://www.t-robotics.com/,ko,None - scrape,Event-driven,"Announcements on vacuum robots, AMRs, and industrial robotics.",P2,page scrape,"vacuum robot, AMR, industrial robot, display","product launches, corporate partnerships",,Registry v1 (Jul 28),Korean language primary
South Korea,Vieworks,뷰웍스,Company,Corporate newsroom,https://www.vieworks.com/en/board/news,https://www.vieworks.com/,en,None - scrape,Event-driven,"Announcements on machine vision cameras, X-ray imaging, and industrial inspection systems.",P2,page scrape,"machine vision, imaging, inspection, automation","product launches, corporate partnerships",,Registry v1 (Jul 28),English and Korean available
South Korea,WIRobotics,위로보틱스,Company,Corporate newsroom,https://corp.wirobotics.com/en/media,https://corp.wirobotics.com/,en,None - scrape,Event-driven,"Announcements on wearable robots (WIM), humanoid robots (ALLEX), and physical AI.",P2,page scrape,"wearable robot, humanoid, physical AI, WIM","product launches, corporate partnerships",,Registry v1 (Jul 28),English and Korean available
South Korea,Yujin Robot,유진로봇,Company,Corporate newsroom,https://yujinrobot.com/en/company/news-notice,https://yujinrobot.com/,en,None - scrape,Event-driven,"Announcements on AMRs, smart factory solutions, and autonomous navigation.",P2,page scrape,"AMR, smart factory, autonomous navigation, logistics","product launches, corporate partnerships",,Registry v1 (Jul 28),English and Korean available
South Korea,RobotWorld Korea,로보월드,Exhibition,Exhibition news and press releases,https://eng.robotworld.or.kr/media/press.php,https://eng.robotworld.or.kr/,en,None - scrape,Event-driven,"Announcements on Korea's largest robotics exhibition, product launches, and industry trends.",P2,page scrape,"exhibition, RobotWorld, product launch, startup","industry trends, product launches",,Registry v1 (Jul 28),English and Korean available
South Korea,Korean Statistical Information Service (KOSIS),국가통계포털,Statistics,Official statistics press releases,https://kosis.kr/eng/bulletinBoard/pressReleasesList.do,https://kosis.kr/,en,None - scrape,Monthly,"Official statistics on manufacturing, employment, and industrial production relevant to robotics.",P2,page scrape,"manufacturing, industry, employment, production","official statistics, market size",,Registry v1 (Jul 28),English available
United States,1X Technologies (US Ops),1X Technologies,Company,Startup News,https://www.1x.tech/discover,https://www.1x.tech/,en,None — scrape,Event-driven,"Updates on NEO and EVE humanoid robots, AI models, and US deployments.",P0,page scrape,"NEO, EVE, humanoid, AI, deployment",Startup announcements and commercial deployments,,Registry v1 (Jul 28),Norwegian company with significant US operations and backing. 1X posts under Discover section.
United States,AeroVironment,,Company,Listed company IR/newsroom,https://www.avinc.com/news/,https://www.avinc.com/,en,RSS: https://investor.avinc.com/rss/news-releases.xml,Weekly,AeroVironment is a leading defense technology company specializing in uncrewed aircraft systems (UAS) and robotics.,P0,RSS,UAS;uncrewed;defense;robotics;contract,primary announcement,NASDAQ: AVAV,Site review v2 (Jul 30),
United States,Agility Robotics,Agility Robotics,Company,Startup News,https://agilityrobotics.com/news/,https://agilityrobotics.com/,en,None — scrape,Event-driven,"Updates on Digit humanoid robot, logistics deployments, and manufacturing.",P0,page scrape,"Digit, humanoid, logistics, deployment",Startup announcements and commercial deployments,,Registry v1 (Jul 28),Key player in logistics humanoid robotics.
United States,Anduril Industries,Anduril Industries,Company,Startup News,https://www.anduril.com/news/,https://www.anduril.com/,en,None — scrape,Event-driven,"Updates on autonomous defense systems, drones, and military contracts.",P0,page scrape,"autonomous, defense, drone, contract",Startup announcements and defense contracts,,Registry v1 (Jul 28),Major player in defense robotics.
United States,Apptronik,Apptronik,Company,Startup News,https://apptronik.com/company/in-the-news,https://apptronik.com/,en,None — scrape,Event-driven,"Updates on Apollo humanoid robot, commercial deployments, and funding.",P0,page scrape,"Apollo, humanoid, deployment, funding",Startup announcements and commercial deployments,,Registry v1 (Jul 28),Key player in humanoid robotics.
United States,Boston Dynamics,Boston Dynamics,Company,Corporate News,https://bostondynamics.com/news/,https://bostondynamics.com/,en,None — scrape,Event-driven,"Updates on Spot, Atlas, Stretch, and commercial robotics deployments.",P0,page scrape,"Spot, Atlas, Stretch, deployment",Corporate announcements and product releases,,Registry v1 (Jul 28),Pioneer in legged robotics.
United States,Figure AI,Figure AI,Company,Startup News,https://www.figure.ai/news,https://www.figure.ai/,en,None — scrape,Event-driven,"Updates on Figure humanoid robots, commercial deployments, and funding.",P0,page scrape,"humanoid, deployment, funding, AI",Startup announcements and commercial deployments,,Registry v1 (Jul 28),Leading humanoid robotics startup.
United States,Google DeepMind,Google DeepMind,Company,Corporate Research,https://deepmind.google/blog/,https://deepmind.google/,en,None — scrape,Weekly,"AI research, Gemini Robotics, and foundation models for robotics.",P0,page scrape,"robotics, Gemini, AI, foundation model",Corporate research and AI advancements,,Registry v1 (Jul 28),Crucial for AI foundation models in robotics.
United States,Intuitive Surgical IR,Intuitive Surgical Investor Relations,Company,Investor Relations,https://isrg.intuitive.com/news-releases,https://isrg.intuitive.com/,en,RSS: https://isrg.intuitive.com/rss/news-releases.xml,Event-driven,"Financials, FDA clearances, and deployments of da Vinci surgical robots.",P0,RSS,"da Vinci, surgical, robot, clearance",Corporate announcements and financial disclosures,,Registry v1 (Jul 28),Market leader in surgical robotics. Q4/notified IR platform sometimes blocks bots; works in browser.
United States,Knightscope,,Company,Listed company IR/newsroom,https://ir.knightscope.com/ir-newsroom,https://knightscope.com/,en,API: Kaleidoscope,Weekly,Knightscope builds autonomous security robots (ASRs) and AI-driven security software for public safety and physical security.,P0,API,autonomous security;ASR;robot;security force;K5,primary announcement,NASDAQ: KSCP,Site review v2 (Jul 30),
United States,Nvidia Newsroom,Nvidia Newsroom,Company,Corporate News,https://nvidianews.nvidia.com/,https://www.nvidia.com/,en,RSS: https://nvidianews.nvidia.com/releases.xml,Weekly,"Isaac platform updates, AI foundation models for robotics, and hardware announcements.",P0,RSS,"Isaac, robotics, AI, Omniverse",Corporate announcements and product releases,,Registry v1 (Jul 28),Essential for AI and robotics compute infrastructure.
United States,OpenAI,OpenAI,Company,Corporate Research,https://openai.com/news/,https://openai.com/,en,None — scrape,Weekly,"AI models, robotics partnerships, and investments in embodied AI.",P0,page scrape,"robotics, embodied, AI, partnership",Corporate research and AI advancements,,Registry v1 (Jul 28),High impact on AI capabilities for robotics.
United States,Palladyne AI,,Company,Listed company IR/newsroom,https://investor.palladyneai.com/news-events/press-releases,https://www.palladyneai.com/,en,RSS: https://investor.palladyneai.com/rss/news-releases.xml,Weekly,"Palladyne AI develops embodied AI software and autonomous systems for defense and industrial applications, including drone swarming and robotic control.",P0,RSS,embodied AI;autonomous systems;defense;SwarmOS;Palladyne IQ,primary announcement,NASDAQ: PDYN,Site review v2 (Jul 30),Formerly Sarcos Technology and Robotics Corporation
United States,Physical Intelligence,Physical Intelligence,Company,Startup News,https://www.pi.website/,https://www.pi.website/,en,None — scrape,Event-driven,"Updates on general-purpose AI for robots, foundation models, and funding.",P0,page scrape,"AI, foundation model, robotics, funding",Startup announcements and AI advancements,,Registry v1 (Jul 28),High-profile startup building robot brains.
United States,Serve Robotics IR,Serve Robotics Investor Relations,Company,Investor Relations,https://investors.serverobotics.com/news,https://investors.serverobotics.com/,en,RSS: https://investors.serverobotics.com/rss/news-releases.xml,Event-driven,"Financials, deployments, and partnerships for autonomous delivery robots.",P0,RSS,"delivery, autonomous, robot, deployment",Corporate announcements and financial disclosures,,Registry v1 (Jul 28),Publicly traded delivery robotics company. IR platform blocks bots; works in browser.
United States,Skild AI,Skild AI,Company,Startup News,https://skild.ai/,https://skild.ai/,en,None — scrape,Event-driven,Updates on general-purpose AI brains for diverse robots and funding.,P0,page scrape,"AI, foundation model, robotics, funding",Startup announcements and AI advancements,,Registry v1 (Jul 28),Key player in general-purpose robot AI.
United States,Symbotic IR,Symbotic Investor Relations,Company,Investor Relations,https://ir.symbotic.com/news-releases,https://ir.symbotic.com/,en,RSS: https://ir.symbotic.com/rss/news-releases.xml,Event-driven,"Financials, deployments, and acquisitions in warehouse automation and robotics.",P0,RSS,"warehouse, automation, robotics, deployment",Corporate announcements and financial disclosures,,Registry v1 (Jul 28),Key player in warehouse automation. IR platform blocks bots; works in browser.
United States,Teradyne IR,Teradyne Investor Relations,Company,Investor Relations,https://investors.teradyne.com/news-events/press-releases,https://investors.teradyne.com/,en,RSS: https://investors.teradyne.com/rss/news-releases.xml,Event-driven,Financials and updates for Universal Robots (UR) and Mobile Industrial Robots (MiR).,P0,RSS,"Universal Robots, MiR, collaborative, autonomous",Corporate announcements and financial disclosures,,Registry v1 (Jul 28),Parent company of major collaborative and mobile robotics firms.
United States,Tesla IR,Tesla Investor Relations,Company,Investor Relations,https://ir.tesla.com/press,https://ir.tesla.com/,en,RSS: https://ir.tesla.com/rss/news-releases.xml,Event-driven,"Updates on Tesla Optimus humanoid robot, FSD, and manufacturing automation.",P0,RSS,"Optimus, robot, FSD, autonomous",Corporate announcements and financial disclosures,,Registry v1 (Jul 28),"High market impact, crucial for humanoid robotics."
United States,Waymo Blog,Waypoint - The official Waymo blog,Company,Corporate News,https://waymo.com/blog/,https://waymo.com/,en,None — scrape,Weekly,"Updates on autonomous driving technology, robotaxi deployments, and safety reports.",P0,page scrape,"autonomous, robotaxi, deployment, safety",Corporate announcements and commercial deployments,,Registry v1 (Jul 28),Leader in autonomous driving.
United States,SEC EDGAR,SEC EDGAR,Disclosure,Company Filings,https://www.sec.gov/edgar/search/,https://www.sec.gov/,en,API: SEC EDGAR Full-Text Search API,Daily,"Official financial disclosures, IPOs, M&A, and risk factors for publicly traded robotics companies.",P0,API,"robotics, autonomous, AI, automation","Financials, M&A, IPOs, executive changes",,Registry v1 (Jul 28),Rate limits apply to API. Best for verifying financial claims.
United States,Nasdaq,,Exchange,Exchange newsroom / listings,https://www.nasdaq.com/newsroom,https://www.nasdaq.com,en,None — scrape,Daily,"Crucial for tracking robotics IPOs and listed-company disclosures like Knightscope, Richtech, and Serve Robotics.",P0,page scrape + IPO calendar,robotics IPO;listing;prospectus,primary disclosure/announcement,,Exchange/SEA batch v3 (Jul 30),
United States,FDA 510(k) Database,FDA 510(k) Premarket Notification,Government,Medical Clearances,https://www.accessdata.fda.gov/scripts/cdrh/cfdocs/cfpmn/pmn.cfm,https://www.fda.gov/,en,None — scrape/search,Daily,Clearances for surgical robots and medical autonomous systems.,P0,search query,"robot, robotic, autonomous, surgical",Medical device clearances,,Registry v1 (Jul 28),Definitive source for medical robotics market entry.
United States,arXiv cs.RO,arXiv Robotics,Preprint,Preprint Server,https://arxiv.org/list/cs.RO/recent,https://arxiv.org/,en,RSS: https://rss.arxiv.org/rss/cs.RO,Daily,Latest preprints of academic papers in robotics and AI.,P0,RSS,"robotics, autonomous, reinforcement learning, embodied",Early access to academic research,,Registry v1 (Jul 28),"High volume, requires filtering for impactful papers."
United States,SAM.gov,System for Award Management,Procurement,Federal Contracts,https://sam.gov/content/opportunities,https://sam.gov/,en,API: SAM.gov Opportunities API,Daily,"Federal procurement notices, RFPs, and contract awards for robotics and unmanned systems.",P0,API,"robotics, unmanned, autonomous, drone",Government contracts and procurement,,Registry v1 (Jul 28),"Highly structured data, best accessed via API."
United States,A3 Association for Advancing Automation,Association for Advancing Automation,Association,Industry Association,https://www.automate.org/news,https://www.automate.org/,en,None — scrape,Weekly,"Industry statistics, safety standards, and automation market insights.",P1,page scrape,"robotics, automation, market, statistics",Industry statistics and market trends,,Registry v1 (Jul 28),"Consolidated RIA, AIA, and MCMA. Good for market data."
United States,ARM Institute,Advanced Robotics for Manufacturing Institute,Association,Manufacturing Robotics,https://arminstitute.org/news/,https://arminstitute.org/,en,None — scrape,Weekly,"Funding, projects, and workforce development for manufacturing robotics.",P1,page scrape,"manufacturing, robotics, funding, project",Manufacturing robotics funding and projects,,Registry v1 (Jul 28),"DoD-funded institute, key for industrial robotics."
United States,AUVSI,Association for Uncrewed Vehicle Systems International,Association,Industry Association,https://www.auvsi.org/newsroom/latest-news/,https://www.auvsi.org/,en,None — scrape,Weekly,"Advocacy, policy updates, and news for uncrewed systems and autonomous vehicles.",P1,page scrape,"uncrewed, autonomous, drone, policy",Policy advocacy and uncrewed systems news,,Registry v1 (Jul 28),Crucial for drone and autonomous vehicle policy.
United States,MassRobotics,MassRobotics,Association,Innovation Hub,https://www.massrobotics.org/news/,https://www.massrobotics.org/,en,None — scrape,Weekly,"Startup funding, incubator news, and regional robotics ecosystem updates in Massachusetts.",P1,page scrape,"startup, funding, robotics, innovation",Startup funding and regional ecosystem news,,Registry v1 (Jul 28),Key for early-stage robotics startups in the Boston area.
United States,Silicon Valley Robotics,Silicon Valley Robotics,Association,Industry Association,https://www.svrobo.org/,https://www.svrobo.org/,en,None — scrape,Weekly,"News on Silicon Valley robotics startups, investments, and events.",P1,page scrape,"startup, investment, robotics, silicon valley",Startup funding and regional ecosystem news,,Registry v1 (Jul 28),Important for tracking West Coast robotics startups.
United States,Amazon Science Blog,Amazon Science,Company,Corporate Research,https://www.amazon.science/blog,https://www.amazon.science/,en,RSS: https://www.amazon.science/index.rss,Weekly,"Research papers, AI advancements, and robotics innovations from Amazon.",P1,RSS,"robotics, AI, machine learning, autonomous",Corporate research and AI advancements,,Registry v1 (Jul 28),Crucial for logistics robotics and AI research.
United States,Blue Robotics,,Company,Company newsroom,https://bluerobotics.com/category/product-news/,https://bluerobotics.com/,en,RSS: https://bluerobotics.com/feed/,Monthly,"Blue Robotics is a key manufacturer of marine robotics components and underwater ROVs/USVs, providing essential hardware for the marine robotics ecosystem.",P1,RSS,ROV;USV;thruster;sonar;marine robotics,primary announcement,,Site review v2 (Jul 30),
United States,Diligent Robotics,,Company,Company newsroom,https://www.diligentrobots.com/blog,https://www.diligentrobots.com,en,RSS: https://www.diligentrobots.com/blog?format=rss,Monthly,"Diligent Robotics develops Moxi, a socially intelligent mobile manipulation robot that performs non-patient-facing logistical tasks in hospitals.",P1,RSS,Moxi;hospital robot;mobile manipulation;Series C;funding,primary announcement,,Site review v2 (Jul 30),
United States,Gecko Robotics,,Company,Company newsroom,https://www.geckorobotics.com/news,https://www.geckorobotics.com/,en,None — scrape,Monthly,Gecko Robotics provides AI-powered infrastructure inspection robots for critical sectors like defense and energy.,P1,page scrape,infrastructure;inspection;defense;energy;Series D,primary announcement,,Site review v2 (Jul 30),
United States,Ghost Robotics,,Company,Company newsroom,https://www.ghostrobotics.io/news,https://www.ghostrobotics.io/,en,None — scrape,Monthly,Developer of the Vision 60 quadruped robot for defense and commercial applications.,P1,page scrape,quadruped;Vision 60;defense;LIG Nex1,primary announcement,,Site review v2 (Jul 30),Acquired by LIG Nex1
United States,Hello Robot,,Company,Company newsroom,https://hello-robot.com/news/,https://hello-robot.com/,en,RSS: https://hello-robot.com/feed/,Monthly,"Hello Robot develops Stretch, a practical, low-cost mobile manipulator designed for home assistance and research applications.",P1,RSS,Stretch;mobile manipulator;assistive robot;home robot,primary announcement,,Site review v2 (Jul 30),
United States,John Deere,John Deere,Company,Corporate News,https://www.deere.com/en-us/john-deere-news/,https://www.deere.com/,en,None — scrape,Event-driven,"Agricultural robotics, autonomous tractors, and manufacturing automation.",P1,page scrape,"autonomous, robotics, automation, agriculture",Corporate announcements and product releases,,Registry v1 (Jul 28),Leader in agricultural robotics.
United States,Johnson & Johnson MedTech,,Company,Listed company IR/newsroom,https://www.jnj.com/media-center/press-releases/medical-technologies,https://www.jnj.com,en,RSS: https://www.jnj.com/rss-feed/all,Weekly,"Johnson & Johnson MedTech develops surgical robotics like the OTTAVA system and MONARCH platform, making it a key player in medical robotics.",P1,RSS,OTTAVA;MONARCH;robotic;surgical system;FDA,primary announcement,NYSE: JNJ,Site review v2 (Jul 30),
United States,Kodiak Robotics,Kodiak Robotics,Company,Startup News,https://kodiak.ai/news/,https://kodiak.ai/,en,None — scrape,Event-driven,"Updates on autonomous trucking, defense partnerships, and commercial deployments.",P1,page scrape,"autonomous, trucking, defense, deployment",Startup announcements and commercial deployments,,Registry v1 (Jul 28),Leader in autonomous trucking and defense applications.
United States,Locus Robotics,,Company,Company newsroom,https://locusrobotics.com/news,https://locusrobotics.com/,en,None — scrape,Weekly,Locus Robotics is a leading warehouse AMR unicorn that frequently publishes news on its AI-driven mobile warehouse automation solutions.,P1,page scrape,AMR;warehouse automation;Series G;IPO;Locus Array,primary announcement,,Site review v2 (Jul 30),
United States,Medtronic,,Company,Listed company IR/newsroom,https://news.medtronic.com,https://www.medtronic.com,en,RSS: https://news.medtronic.com/press-releases?pagetemplate=rss,Weekly,"Medtronic is a global healthcare technology leader that develops the Hugo RAS system, a modular robotic-assisted surgery platform.",P1,RSS,Hugo RAS;robotic-assisted surgery;FDA clearance;surgical robotics,primary announcement,NYSE: MDT,Site review v2 (Jul 30),
United States,Meta AI (FAIR),Fundamental AI Research,Company,Corporate Research,https://ai.meta.com/blog/,https://ai.meta.com/,en,None — scrape,Weekly,"Open-source AI models, embodied AI, and touch perception research.",P1,page scrape,"robotics, embodied, open source, touch",Corporate research and open-source AI,,Registry v1 (Jul 28),Key player in open-source AI and embodied AI.
United States,Microsoft Research,Microsoft Research,Company,Corporate Research,https://www.microsoft.com/en-us/research/theme/future-ai-infrastructure/robotics/,https://www.microsoft.com/en-us/research/,en,None — scrape,Weekly,"AI models for robotics (e.g., Rho-alpha), datacenter robotics, and mixed reality.",P1,page scrape,"robotics, AI, model, datacenter",Corporate research and AI advancements,,Registry v1 (Jul 28),Focus on AI integration and datacenter robotics.
United States,Miso Robotics,,Company,Company newsroom,https://www.misorobotics.com/newsroom-press-media-kit,https://www.misorobotics.com,en,RSS: https://info.misorobotics.com/rss.xml,Weekly,Miso Robotics develops AI-powered kitchen robots like Flippy to automate cooking tasks and improve restaurant efficiency.,P1,RSS,Flippy;kitchen automation;AI fry station,primary announcement,,Site review v2 (Jul 30),
United States,Nuro,Nuro,Company,Startup News,https://www.nuro.ai/blog,https://www.nuro.ai/,en,None — scrape,Event-driven,"Updates on autonomous delivery vehicles, partnerships, and regulatory approvals.",P1,page scrape,"autonomous, delivery, vehicle, partnership",Startup announcements and commercial deployments,,Registry v1 (Jul 28),Key player in autonomous delivery. News lives under blog.
United States,Oceaneering International,,Company,Listed company IR/newsroom,https://www.oceaneering.com/news-media/latest-news/,https://www.oceaneering.com/,en,None — scrape,Weekly,"Oceaneering International develops subsea ROVs, AGVs, and mobile robotics solutions for offshore and industrial applications.",P1,page scrape + IR calendar,ROV;AGV;autonomous;subsea;robotics,primary announcement,NYSE: OII,Site review v2 (Jul 30),
United States,Realtime Robotics,リアルタイムロボティクス,Company,Company newsroom,https://rtr.ai/resources/,https://rtr.ai/,en,RSS: https://rtr.ai/feed/,Monthly,Realtime Robotics develops automated collision-free motion planning and optimization software for industrial robots.,P1,RSS,motion planning;collision-free;workcell optimization;Resolver;RapidPlan,primary announcement,,Site review v2 (Jul 30),
United States,Richtech Robotics,,Company,Listed company IR/newsroom,https://ir.richtechrobotics.com/news-events/news-releases,https://richtechrobotics.com/,en,None — scrape,Monthly,Richtech Robotics develops AI-driven service robots and humanoid robots for commercial applications.,P1,page scrape + exchange filings,humanoid;service robot;AI-driven;ADAM;Titan,primary announcement,NASDAQ: RR,Site review v2 (Jul 30),
United States,Robot.com,,Company,Company newsroom,https://www.robot.com/newsroom,https://www.robot.com/,en,None — scrape,Monthly,"Robot.com (formerly Kiwibot) provides autonomous delivery, logistics, advertising, and humanoid robots for real-world deployment.",P1,page scrape,delivery;humanoid;advertising;logistics;autonomous,primary announcement,,Site review v2 (Jul 30),Kiwibot transformed into Robot.com
United States,Rockwell Automation,Rockwell Automation,Company,Corporate News,https://www.rockwellautomation.com/en-us/company/news.html,https://www.rockwellautomation.com/,en,None — scrape,Weekly,"Industrial automation, smart manufacturing, and robotics integration.",P1,page scrape,"automation, robotics, manufacturing, industrial",Corporate announcements and product releases,,Registry v1 (Jul 28),Major player in industrial automation.
United States,Sea Machines Robotics,,Company,Company newsroom,https://sea-machines.com/category/news/,https://sea-machines.com/,en,RSS: https://sea-machines.com/feed/,Monthly,"Sea Machines Robotics develops autonomous command and control systems for commercial and defense vessels, making it a key player in marine autonomy.",P1,RSS,autonomous vessel;USV;marine autonomy;SM300;unmanned surface vessel,primary announcement,,Site review v2 (Jul 30),
United States,Seegrid,,Company,Company newsroom,https://seegrid.com/news/,https://seegrid.com/,en,None — scrape,Monthly,Seegrid is a leading provider of autonomous mobile robots (AMRs) and enterprise software for material handling and logistics.,P1,page scrape,AMR;autonomous mobile robot;material handling;logistics;funding,primary announcement,,Site review v2 (Jul 30),
United States,Shield AI,Shield AI,Company,Startup News,https://shield.ai/news/,https://shield.ai/,en,None — scrape,Event-driven,"Updates on AI pilots for defense, autonomous drones, and military contracts.",P1,page scrape,"AI pilot, autonomous, defense, drone",Startup announcements and defense contracts,,Registry v1 (Jul 28),Key player in AI for defense robotics.
United States,Stryker,,Company,Listed company IR/newsroom,https://investors.stryker.com/press-releases/default.aspx,https://www.stryker.com/us/en/index.html,en,RSS: https://investors.stryker.com/rss/PressRelease.aspx,Monthly,"Stryker is a major player in surgical robotics, particularly with its Mako system, making its newsroom a key source for medical robotics developments.",P1,RSS,Mako;surgical robotics;FDA;acquisition;earnings,primary announcement,NYSE: SYK,Site review v2 (Jul 30),
United States,Teledyne FLIR,,Company,Listed company IR/newsroom,https://www.flir.com/news-center/,https://www.flir.com,en,None — scrape,Monthly,Teledyne FLIR is a major provider of thermal imaging and sensing technologies for unmanned systems and robotics.,P1,page scrape,thermal;unmanned;drone;sensor;robotics,primary announcement,NYSE: TDY,Site review v2 (Jul 30),
United States,Virtuix,,Company,Listed company IR/newsroom,https://virtuix.com/blogs/news,https://virtuix.com,en,None — scrape,Monthly,Virtuix makes omnidirectional VR treadmills and is exploring enterprise/defense applications including embodied AI and humanoid robot teleoperation.,P1,page scrape,Omni One;VR treadmill;humanoid robot;teleoperation;defense,primary announcement,NASDAQ: VTIX,Site review v2 (Jul 30),
United States,Zebra Technologies,斑马技术,Company,Listed company IR/newsroom,https://www.zebra.com/us/en/about-zebra/newsroom/press-releases.html,https://www.zebra.com/us/en.html,en,RSS: https://investors.zebra.com/rss/event.aspx,Monthly,"Zebra Technologies provides enterprise automation solutions, including autonomous mobile robots (AMRs) and machine vision systems for manufacturing and logistics.",P1,RSS,AMR;machine vision;automation;robotics;supply chain,primary announcement,NASDAQ: ZBRA,Site review v2 (Jul 30),
United States,Zimmer Biomet,,Company,Listed company IR/newsroom,https://investor.zimmerbiomet.com/news-and-events/news,https://www.zimmerbiomet.com,en,RSS: https://investor.zimmerbiomet.com/rss/news,Monthly,Zimmer Biomet is a global medical technology leader and the maker of the ROSA surgical robotics system.,P1,RSS,ROSA;surgical robotics;FDA clearance;orthopedic,primary announcement,NYSE: ZBH,Site review v2 (Jul 30),
United States,New York Stock Exchange (NYSE),,Exchange,Exchange newsroom / listings,https://www.nyse.com/ipo-center/recent-ipo,https://www.nyse.com,en,API: NYSE TOP Rest API,Weekly,"NYSE is a major exchange for robotics IPOs and listings, including companies like Symbotic and Sarcos.",P1,page scrape + IPO calendar,robotics IPO;listing;prospectus;new listing,primary disclosure/announcement,,Exchange/SEA batch v3 (Jul 30),
United States,BIS Export Controls,Bureau of Industry and Security,Government,Export Regulations,https://www.bis.gov/news-updates,https://www.bis.gov/,en,None — scrape,Event-driven,"Export controls and entity list updates affecting advanced robotics, AI, and semiconductors.",P1,page scrape,"export control, entity list, robotics, artificial intelligence",Regulatory compliance and export restrictions,,Registry v1 (Jul 28),Critical for tracking geopolitical impacts on robotics supply chains.
United States,DARPA,DARPA,Government,Defense Research,https://www.darpa.mil/news,https://www.darpa.mil/,en,None — scrape,Weekly,"Funding, challenges, and breakthroughs in defense and advanced robotics.",P1,page scrape,"robotics, autonomous, AI, unmanned","Defense funding, advanced research programs",,Registry v1 (Jul 28),High-impact defense robotics news.
United States,DoD DIU,Defense Innovation Unit,Government,Defense Procurement,https://www.diu.mil/latest,https://www.diu.mil/,en,None — scrape,Weekly,"Commercial technology adoption by DoD, including autonomous systems and AI.",P1,page scrape,"autonomous, AI, robotics, drone, unmanned",Defense contracts for commercial robotics,,Registry v1 (Jul 28),Crucial for dual-use robotics startups.
United States,NASA Robotics,NASA Robotics,Government,Space Research,https://www.nasa.gov/robotics-news/,https://www.nasa.gov/robotics/,en,None — scrape,Weekly,"Space robotics, rovers, autonomous systems, and related technology transfers.",P1,page scrape,"robotics, rover, autonomous, AI",Space robotics research and missions,,Registry v1 (Jul 28),High-profile space robotics news.
United States,NIST Robotics,NIST Robotics,Government,Standards & Research,https://www.nist.gov/news-events/news-updates/topic/248921,https://www.nist.gov/robotics,en,None — scrape,Event-driven,"Updates on robotics standards, benchmarks, and testing frameworks.",P1,page scrape,"robotics, standards, benchmark, testing","Standards, benchmarks, government research",,Registry v1 (Jul 28),Updates are sporadic but authoritative for standards.
United States,NSF News,NSF News,Government,Science Funding,https://www.nsf.gov/news,https://www.nsf.gov/,en,RSS: https://www.nsf.gov/rss/rss_www_news.xml,Weekly,Grants and awards for fundamental robotics and AI research.,P1,RSS,"robotics, artificial intelligence, grant, award","Academic funding, fundamental research grants",,Registry v1 (Jul 28),Good for tracking early-stage academic research funding.
United States,USPTO Patent Public Search,USPTO Patent Public Search,Patent,Patent Database,https://ppubs.uspto.gov/pubwebapp/,https://www.uspto.gov/,en,None — search query,Weekly,"New patents and IP filings for robotics hardware, AI algorithms, and control systems.",P1,search query,"robot, autonomous, artificial intelligence, actuator",IP and patent filings,,Registry v1 (Jul 28),Requires complex boolean queries for effective monitoring.
United States,CoRL,Conference on Robot Learning,Preprint,Conference,https://www.corl.org/,https://www.corl.org/,en,None — scrape,Event-driven,Top conference for the intersection of robotics and machine learning.,P1,page scrape,"robot learning, conference, paper, award",Accepted papers and conference awards,,Registry v1 (Jul 28),"Annual event, highly influential in robot learning."
United States,RSS Conference,Robotics: Science and Systems,Preprint,Conference,https://roboticsconference.org/,https://roboticsconference.org/,en,None — scrape,Event-driven,"Premier conference for robotics research, covering algorithmic and mathematical foundations.",P1,page scrape,"robotics, science, systems, conference",Accepted papers and conference awards,,Registry v1 (Jul 28),"Annual event, highly influential in fundamental robotics."
United States,Allen Institute AI2,Allen Institute for Artificial Intelligence,Research,Non-profit Research,https://allenai.org/news,https://allenai.org/,en,None — scrape,Weekly,"Open-source AI models, computer vision, and embodied AI research.",P1,page scrape,"AI, embodied, computer vision, open source",Open-source AI and embodied AI research,,Registry v1 (Jul 28),Key player in open-source AI models.
United States,RAI Institute,,Research,Research institute,https://rai-inst.com/news/,https://rai-inst.com/,en,None — scrape,Monthly,"RAI Institute (formerly Boston Dynamics AI Institute) conducts cutting-edge research in AI and robotics, led by Marc Raibert.",P1,page scrape,humanoid;reinforcement learning;dexterity;Atlas;Spot,primary announcement,,Site review v2 (Jul 30),
United States,Toyota Research Institute US,Toyota Research Institute,Research,Corporate Research,https://www.tri.global/news,https://www.tri.global/,en,None — scrape,Weekly,"Advanced robotics, AI, and materials research for human amplification and automated driving.",P1,page scrape,"robotics, AI, automated driving, human amplification",Corporate research and AI advancements,,Registry v1 (Jul 28),Major corporate research lab in the US.
United States,Association for Advancing Automation (A3),,Standards,Standards body,https://www.automate.org/a3/press-center,https://www.automate.org/,en,None — scrape,Occasional,A3 publishes the flagship ANSI/RIA R15.06 standard for industrial robot safety and updates on mobile robot safety.,P1,page scrape,R15.06;robot safety;ANSI;standard;mobile robot,primary disclosure/announcement,,Exchange/SEA batch v3 (Jul 30),
United States,CMU Robotics Institute,Carnegie Mellon University Robotics Institute,University,Research Lab,https://www.ri.cmu.edu/news/,https://www.ri.cmu.edu/,en,None — scrape,Weekly,"Academic research breakthroughs, spin-offs, and fundamental robotics advancements.",P1,page scrape,"robotics, research, autonomous, AI",Academic research and spin-offs,,Registry v1 (Jul 28),Top-tier academic robotics research.
United States,Georgia Tech IRIM,Institute for Robotics and Intelligent Machines,University,Research Lab,https://research.gatech.edu/robotics/news,https://robotics.gatech.edu/,en,None — scrape,Weekly,"Robotics research, including humanoid, swarm, and industrial robotics.",P1,page scrape,"robotics, swarm, humanoid, industrial",Academic research and robotics advancements,,Registry v1 (Jul 28),Broad coverage of robotics disciplines.
United States,MIT CSAIL,MIT Computer Science and Artificial Intelligence Laboratory,University,Research Lab,https://www.csail.mit.edu/news,https://www.csail.mit.edu/,en,None — scrape,Weekly,"AI, machine learning, and robotics research from MIT.",P1,page scrape,"robotics, AI, machine learning, autonomous",Academic research and AI advancements,,Registry v1 (Jul 28),Crucial for AI and robotics intersection.
United States,Stanford SAIL,Stanford Artificial Intelligence Laboratory,University,Research Lab,https://ai.stanford.edu/,https://ai.stanford.edu/,en,None — scrape,Weekly,"AI and robotics research, including foundation models and embodied AI.",P1,page scrape,"AI, robotics, foundation model, embodied",Academic research and embodied AI,,Registry v1 (Jul 28),Leading lab for embodied AI and foundation models.
United States,UC Berkeley BAIR,Berkeley Artificial Intelligence Research,University,Research Lab,https://bair.berkeley.edu/blog/,https://bair.berkeley.edu/,en,RSS: https://bair.berkeley.edu/blog/feed.xml,Weekly,"AI, machine learning, and robotics research from UC Berkeley.",P1,RSS,"robotics, AI, machine learning, reinforcement learning",Academic research and AI advancements,,Registry v1 (Jul 28),Strong focus on reinforcement learning and robotics.
United States,UMich Robotics,University of Michigan Robotics,University,Research Lab,https://robotics.umich.edu/news/,https://robotics.umich.edu/,en,None — scrape,Weekly,"Legged robotics, autonomous vehicles, and manufacturing robotics research.",P1,page scrape,"robotics, legged, autonomous, manufacturing",Academic research and robotics advancements,,Registry v1 (Jul 28),Strong in legged and autonomous vehicle robotics.
United States,USC Robotics,USC Robotics and Autonomous Systems Center,University,Research Lab,https://rasc.usc.edu/news/,https://rasc.usc.edu/,en,None — scrape,Weekly,"Space robotics, autonomous systems, and dynamic control research.",P1,page scrape,"robotics, autonomous, space, control",Academic research and space robotics,,Registry v1 (Jul 28),Strong in space and dynamic robotics.
United States,UT Austin Robotics,Texas Robotics,University,Research Lab,https://robotics.utexas.edu/news,https://robotics.utexas.edu/,en,None — scrape,Weekly,"Robotics education, human-robot interaction, and autonomous systems research.",P1,page scrape,"robotics, autonomous, AI, human-robot",Academic research and robotics education,,Registry v1 (Jul 28),Pioneering undergraduate robotics programs.
United States,UL Solutions,,Authority,Independent authority,https://www.ul.com/newsroom,https://www.ul.com/,en,None — scrape,Occasional,"UL Solutions sets critical safety standards (like UL 3300) for consumer and commercial robots, making its newsroom a key source for robotics certification and safety updates.",P2,page scrape,robotics;robot;UL 3300;certification;safety,primary disclosure/announcement,,Exchange/SEA batch v3 (Jul 30),
United States,Brain Corp,,Company,Company newsroom,https://www.braincorp.com/resources?type=Press+Release,https://www.braincorp.com/,en,None — scrape,Occasional,"Brain Corp develops BrainOS, a leading autonomy software platform for commercial robots, making it a key player in physical AI and enterprise robotics.",P2,page scrape,BrainOS;autonomy;commercial robots;Physical AI,primary announcement,,Site review v2 (Jul 30),
United States,Bright Machines,,Company,Company newsroom,https://www.brightmachines.com/news/,https://www.brightmachines.com/,en,None — scrape,Occasional,Bright Machines builds software-defined microfactories and AI infrastructure using robotics and physical AI.,P2,page scrape,software-defined manufacturing;microfactories;AI infrastructure;Nvidia,primary announcement,,Site review v2 (Jul 30),
United States,Carbon Robotics,,Company,Company newsroom,https://carbonrobotics.com/news,https://carbonrobotics.com/,en,None — scrape,Occasional,"Carbon Robotics develops AI-powered agricultural robots, notably the LaserWeeder, which is highly relevant to physical AI and agricultural automation.",P2,page scrape,LaserWeeder;agricultural robots;physical AI;Series D,primary announcement,,Site review v2 (Jul 30),
United States,Lifeward,,Company,Listed company IR/newsroom,https://ir.golifeward.com/press-releases,https://golifeward.com/,en,RSS: https://ir.golifeward.com/rss/news-releases.xml,Occasional,"Lifeward (formerly ReWalk Robotics) develops powered exoskeletons for gait training and mobility, relevant to medical and rehabilitation robotics.",P2,RSS,exoskeleton;rehabilitation;FDA;Medicare;Oramed,primary announcement,NASDAQ: LFWD,Site review v2 (Jul 30),ReWalk Robotics rebranded to Lifeward
United States,Liquid Robotics,,Company,Company newsroom,https://www.liquid-robotics.com/news-announcements/,https://www.liquid-robotics.com/,en,API: WordPress API,Occasional,"Liquid Robotics, a Boeing company, develops the Wave Glider, a leading uncrewed surface vehicle (USV) for ocean data collection and maritime autonomy.",P2,API,Wave Glider;USV;uncrewed surface vehicle;maritime autonomy,primary announcement,NYSE: BA,Site review v2 (Jul 30),
United States,RightHand Robotics,,Company,Company newsroom,https://righthandrobotics.com/the-latest,https://righthandrobotics.com,en,None — scrape,Occasional,RightHand Robotics develops AI-powered piece-picking robots for warehouse automation and order fulfillment.,P2,page scrape,piece-picking;RightPick;warehouse automation;fulfillment;Series C,primary announcement,,Site review v2 (Jul 30),
United States,Saildrone,,Company,Company newsroom,https://www.saildrone.com/news,https://www.saildrone.com/,en,None — scrape,Occasional,"Saildrone builds uncrewed surface vehicles (USVs) for maritime defense, ocean mapping, and intelligence gathering.",P2,page scrape,USV;autonomous;maritime;defense;uncrewed,primary announcement,,Site review v2 (Jul 30),
United States,Starship Technologies,,Company,Company newsroom,https://www.starship.xyz/press/,https://www.starship.xyz/,en,RSS: https://www.starship.xyz/feed/,Occasional,Starship Technologies is a leading developer of autonomous sidewalk delivery robots for last-mile logistics.,P2,RSS,autonomous delivery;sidewalk robot;last-mile;funding;partnership,primary announcement,,Site review v2 (Jul 30),
United States,Cboe Global Markets,,Exchange,Exchange newsroom / listings,https://www.cboe.com/us/equities/notices/new_listings/,https://www.cboe.com/,en,None — scrape,Occasional,Cboe BZX is a secondary US listing venue that may host new listings for robotics ETFs and SPACs.,P2,page scrape + IPO calendar,robotics IPO;listing;prospectus;ETF;SPAC,primary disclosure/announcement,,Exchange/SEA batch v3 (Jul 30),
United States,OTC Markets Group,,Exchange,Exchange newsroom / listings,https://www.otcmarkets.com/market-activity/news-filings,https://www.otcmarkets.com,en,None — scrape,Daily,Tracks early-stage robotics companies trading OTC before uplisting to major exchanges.,P2,page scrape,robotics;AI;IPO;listing;prospectus,primary disclosure/announcement,,Exchange/SEA batch v3 (Jul 30),
United States,DOE ARPA-E,DOE ARPA-E,Government,Energy Research,https://arpa-e.energy.gov/news-and-events/news-and-insights,https://arpa-e.energy.gov/,en,None — scrape,Event-driven,Funding for energy-efficient robotics and automation technologies.,P2,page scrape,"robotics, automation, energy, funding",Energy-related robotics funding,,Registry v1 (Jul 28),Niche but important for energy/climate robotics.
United States,Federal Communications Commission,,Government,Regulator,https://www.fcc.gov/news-events/headlines,https://www.fcc.gov,en,RSS: https://api2.fcc.gov/api/exp/v1.0.0/edocspublic/rss,Daily,"The FCC regulates equipment authorization in the US, which impacts the approval and banning of foreign-produced robotics and AI equipment.",P2,RSS,robot;equipment authorization;covered list;waiver,primary announcement,,Site review v2 (Jul 30),
United States,SRI International,,Research,Research institute,https://www.sri.com/about-us/press-room/,https://www.sri.com/,en,RSS: https://www.sri.com/feed,Occasional,"SRI International is a renowned research institute with a long history of pioneering robotics innovations, including surgical robotics and teleoperation.",P2,RSS,robotics;teleoperation;AI;autonomous;surgical,primary announcement,,Site review v2 (Jul 30),
United States,Census M3 Survey,"Manufacturers' Shipments, Inventories, and Orders",Statistics,Economic Data,https://www.census.gov/manufacturing/m3/index.html,https://www.census.gov/,en,None — scrape,Monthly,Macroeconomic data on machinery and equipment manufacturing shipments and orders.,P2,page scrape,"machinery, manufacturing, shipments",Macroeconomic trends in manufacturing,,Registry v1 (Jul 28),"Monthly release, good for industry health indicators."
Europe,Odense Robotics,Odense Robotics,Association,Cluster news,https://www.odenserobotics.dk/news/,https://www.odenserobotics.dk/,en,None — scrape,Weekly,"News from Denmark's national robot, automation and drone cluster.",P0,page scrape,"robotics, automation, drones, cluster","industry cluster news, startup growth",,Registry v1 (Jul 28),No paywall.
Europe,VDMA Robotics + Automation,VDMA Robotik + Automation,Association,Association news,https://www.vdma.org/robotik-automation,https://www.vdma.org/,de,None — scrape,Weekly,"News, statistics, and trends from the German mechanical engineering industry association.",P0,page scrape,"robotik, automation, statistik, trends","industry statistics, market trends",,Registry v1 (Jul 28),German language. High priority for European market data.
Europe,1X Technologies,1X,Company,Company newsroom,https://www.1x.tech/discover,https://www.1x.tech/,en,None — scrape,Monthly,"News on humanoid robots (EVE, NEO) designed for labor.",P0,page scrape,"humanoid, EVE, NEO, robotics","product launches, corporate strategy",,Registry v1 (Jul 28),Norwegian company. 1X posts under Discover section.
Europe,ABB Robotics,ABB Robotics,Company,Company newsroom,https://new.abb.com/news,https://new.abb.com/products/robotics,en,None — scrape,Weekly,"Product launches, acquisitions, and strategic updates from a major industrial robotics player.",P0,page scrape,"robotics, automation, cobots, AMR","product launches, corporate strategy",,Registry v1 (Jul 28),"Global company, strong European presence. Filter robotics tag; global ABB press hub."
Europe,ANYbotics,ANYbotics,Company,Company newsroom,https://www.anybotics.com/news/,https://www.anybotics.com/,en,None — scrape,Monthly,News on autonomous legged robots for industrial inspection.,P0,page scrape,"legged robots, inspection, autonomous","product launches, corporate strategy",,Registry v1 (Jul 28),Swiss company.
Europe,KUKA,KUKA,Company,Company newsroom,https://www.kuka.com/en-de/company/press,https://www.kuka.com/,en,None — scrape,Weekly,News from one of the world's leading suppliers of intelligent robotics and plant engineering.,P0,page scrape,"robotics, automation, industrial robots","product launches, corporate strategy",,Registry v1 (Jul 28),Available in German and English.
Europe,Universal Robots,Universal Robots,Company,Company newsroom,https://www.universal-robots.com/about-universal-robots/news-centre/,https://www.universal-robots.com/,en,None — scrape,Weekly,Updates from the pioneer and market leader in collaborative robots (cobots).,P0,page scrape,"cobots, collaborative robots, automation","product launches, corporate strategy",,Registry v1 (Jul 28),"Danish company, Teradyne owned."
Europe,AutoStore IR,AutoStore,Disclosure,IR announcements,https://www.autostoresystem.com/investors/press-releases,https://www.autostoresystem.com/,en,None — scrape,Event-driven,Financial and strategic updates from a leading cube storage automation company.,P0,page scrape,"cube storage, automation, financial results","financial filings, corporate strategy",,Registry v1 (Jul 28),Norwegian company.
Europe,Bpifrance,Bpifrance,Government,Agency press releases,https://presse.bpifrance.fr/,https://www.bpifrance.fr/,fr,None — scrape,Daily,French public investment bank funding announcements for deeptech and robotics startups.,P0,page scrape,"robotique, deeptech, financement, investissement","funding announcements, startup investments",,Registry v1 (Jul 28),French language.
Europe,CORDIS Horizon Europe Project News,CORDIS,Government,Project news,https://cordis.europa.eu/search?q=contenttype%3D%27news%27%20AND%20%27robotics%27,https://cordis.europa.eu/,en,RSS: https://cordis.europa.eu/search?q=contenttype%3D%27news%27%20AND%20%27robotics%27&format=rss,Daily,Results and news from EU-funded robotics research projects.,P0,RSS,"robotics, automation, AI, project results","research funding, project outcomes",,Registry v1 (Jul 28),No paywall. Excellent for early-stage research.
Europe,European Commission Digital Strategy News,European Commission Digital Strategy,Government,Commission press releases,https://digital-strategy.ec.europa.eu/en/news,https://digital-strategy.ec.europa.eu/en,en,RSS: https://digital-strategy.ec.europa.eu/en/news/rss,Daily,"Official EU policy, funding, and strategy announcements regarding AI and robotics.",P0,RSS,"robotics, AI, artificial intelligence, funding, policy","official policy text, funding announcements",,Registry v1 (Jul 28),No paywall. Multiple languages available.
Europe,Germany BMWK (Federal Ministry for Economic Affairs and Climate Action),Bundesministerium für Wirtschaft und Klimaschutz,Government,Ministry press releases,https://www.bmwk.de/Navigation/EN/Service/Press/press.html,https://www.bmwk.de/,en,RSS: https://www.bmwk.de/SiteGlobals/Functions/RSS/EN/Feed/RSSNewsfeed_Pressemitteilungen.xml,Daily,German government policy and funding for Industry 4.0 and robotics.,P0,RSS,"Industry 4.0, robotics, AI, funding, manufacturing","national policy, funding announcements",,Registry v1 (Jul 28),Available in German and English.
Europe,"UK DSIT (Department for Science, Innovation and Technology)",DSIT,Government,Ministry press releases,https://www.gov.uk/government/organisations/department-for-science-innovation-and-technology/about/media-enquiries,https://www.gov.uk/government/organisations/department-for-science-innovation-and-technology,en,RSS: https://www.gov.uk/government/organisations/department-for-science-innovation-and-technology.atom,Daily,"UK government policy, funding, and strategy for AI and robotics.",P0,RSS,"robotics, AI, funding, innovation, technology","national policy, funding announcements",,Registry v1 (Jul 28),No paywall.
Europe,DFKI (German Research Center for Artificial Intelligence),DFKI,Research,Institute news,https://www.dfki.de/en/web/news,https://www.dfki.de/en/web,en,RSS: https://www.dfki.de/en/web/news/rss,Weekly,Leading German research in AI and its application in robotics.,P0,RSS,"AI, robotics, machine learning, automation","applied research, AI advancements",,Registry v1 (Jul 28),Available in German and English.
Europe,DLR Robotics and Mechatronics Center,DLR Institut für Robotik und Mechatronik,Research,Institute news,https://www.dlr.de/rm/en/desktopdefault.aspx/tabid-3802/,https://www.dlr.de/rm/en/,en,None — scrape,Monthly,"Crucial research in space robotics, medical robotics, and industrial automation.",P0,page scrape,"robotics, mechatronics, space, medical","fundamental research, technology breakthroughs",,Registry v1 (Jul 28),Available in German and English.
Europe,Fraunhofer IPA,Fraunhofer IPA,Research,Institute news,https://www.ipa.fraunhofer.de/en/press-media.html,https://www.ipa.fraunhofer.de/en.html,en,RSS: https://www.ipa.fraunhofer.de/en/press-media.rss,Weekly,Applied research in manufacturing engineering and automation.,P0,RSS,"robotics, automation, manufacturing, AI","applied research, technology transfer",,Registry v1 (Jul 28),Available in German and English.
Europe,IIT Genoa (Istituto Italiano di Tecnologia),IIT,Research,Institute news,https://opentalk.iit.it/en/category/news-en/,https://www.iit.it/,en,RSS: https://opentalk.iit.it/en/feed/,Weekly,"Home of iCub and ergoCub, leading research in humanoid robotics.",P0,RSS,"humanoid, iCub, ergoCub, robotics","fundamental research, humanoid development",,Registry v1 (Jul 28),Available in Italian and English.
Europe,ETH Zurich Robotic Systems Lab (RSL),ETH Zurich RSL,University,Lab news,https://rsl.ethz.ch/,https://rsl.ethz.ch/,en,None — scrape,Monthly,World-leading research in legged robotics (ANYmal) and autonomous systems.,P0,page scrape,"legged robots, autonomous systems, ANYmal","academic research, spin-offs",,Registry v1 (Jul 28),No paywall. Also ethz.ch/en/news-and-events for university-wide robotics news. RSL homepage carries dated news items; also ethz.ch/en/news-and-events.
Europe,"ADRA (AI, Data and Robotics Association)",ADRA,Association,Association news,https://adr-association.eu/news/,https://adr-association.eu/,en,None — scrape,Weekly,"Updates on the European AI, Data and Robotics partnership and strategic research agendas.",P1,page scrape,"robotics, AI, partnership, horizon europe","strategic research agenda, partnership news",,Registry v1 (Jul 28),No paywall.
Europe,Make UK (including BARA),Make UK,Association,Association news,https://www.makeuk.org/news-and-events/news,https://www.makeuk.org/,en,None — scrape,Weekly,"UK manufacturing news, including automation and robotics adoption.",P1,page scrape,"automation, robotics, manufacturing, BARA","industry trends, policy advocacy",,Registry v1 (Jul 28),No paywall.
Europe,euRobotics,euRobotics,Association,Association news,https://eu-robotics.net/news/,https://eu-robotics.net/,en,None — scrape,Weekly,"News from the European robotics community, including events and policy inputs.",P1,page scrape,"robotics, events, policy, members","community news, event announcements",,Registry v1 (Jul 28),No paywall.
Europe,Agile Robots,Agile Robots,Company,Company newsroom,https://www.agile-robots.com/en/news/,https://www.agile-robots.com/,en,None — scrape,Monthly,News on intelligent robotic systems bridging AI and robotics.,P1,page scrape,"intelligent robotics, AI, automation","product launches, corporate strategy",,Registry v1 (Jul 28),German company.
Europe,Bosch,,Company,Company newsroom,https://www.bosch-presse.de/pressportal/de/en/,https://www.bosch.com/,en,None — scrape,Weekly,"Bosch Rexroth develops advanced automation and robotics research, providing key components and systems for industrial and mobile robotics.",P1,page scrape,robotics;automation;Rexroth;AI;manufacturing,primary announcement,NSE: BOSCHLTD,Site review v2 (Jul 30),
Europe,CMR Surgical,,Company,Company newsroom,https://cmrsurgical.com/news,https://cmrsurgical.com/,en,RSS: https://cmrsurgical.com/feed,Monthly,"Developer of the Versius surgical robot, advancing physical AI and robotic-assisted minimal access surgery.",P1,RSS,Versius;surgical robot;FDA;funding;NVIDIA,primary announcement,,Site review v2 (Jul 30),
Europe,Comau,Comau,Company,Company newsroom,https://www.comau.com/en/newsroom/,https://www.comau.com/,en,None — scrape,Monthly,News on industrial automation and robotics solutions.,P1,page scrape,"industrial automation, robotics, manufacturing","product launches, corporate strategy",,Registry v1 (Jul 28),Italian company.
Europe,Exail,,Company,Listed company IR/newsroom,https://www.exail.com/news,https://www.exail.com/,en,None — scrape,Weekly,"Exail is a leading high-tech industrial group specializing in cutting-edge robotics, maritime, navigation, aerospace and photonics technologies.",P1,page scrape,robotics;maritime;navigation;aerospace;photonics,primary announcement,EPA: EXA,Site review v2 (Jul 30),
Europe,Exotec,Exotec,Company,Company newsroom,https://www.exotec.com/news/,https://www.exotec.com/,en,None — scrape,Monthly,News on robotic warehouse systems (Skypod).,P1,page scrape,"warehouse robotics, Skypod, logistics","product launches, corporate strategy",,Registry v1 (Jul 28),French company.
Europe,Festo,,Company,Company newsroom,https://press.festo.com/en/press-release,https://www.festo.com,en,None — scrape,Monthly,"Festo is a global leader in automation technology and bionics, developing advanced pneumatic and electric drive solutions for factory automation.",P1,page scrape,automation;bionics;pneumatic;electric drive;robotics,primary announcement,,Site review v2 (Jul 30),
Europe,KION Group,,Company,Listed company IR/newsroom,https://www.kiongroup.com/en/Press/Press-Releases/,https://www.kiongroup.com/en/,en,None — scrape,Monthly,"KION Group is a leading provider of intralogistics solutions, including automated warehouse systems and physical AI applications.",P1,page scrape,automation;robotics;AI;intralogistics;Dematic,primary announcement,FRA: KGX,Site review v2 (Jul 30),
Europe,Kongsberg Maritime,,Company,Listed company IR/newsroom,https://www.kongsberg.com/news/,https://www.kongsberg.com/,en,None — scrape,Weekly,"Kongsberg Maritime is a key player in marine robotics, autonomous vessels, and underwater vehicles, making it a crucial source for maritime AI advancements.",P1,page scrape,autonomous;uncrewed;robotics;XLUUV;marine,primary announcement,OSE: KMAR,Site review v2 (Jul 30),
Europe,Milrem Robotics,,Company,Company newsroom,https://milremrobotics.com/news/,https://milremrobotics.com/,en,RSS: https://milremrobotics.com/feed/,Monthly,Milrem Robotics is a leading developer of autonomous unmanned ground vehicles (UGVs) for defense and security applications.,P1,RSS,UGV;autonomous;defense;THeMIS;combat vehicle,primary announcement,,Site review v2 (Jul 30),
Europe,Mobile Industrial Robots (MiR),MiR,Company,Company newsroom,https://www.mobile-industrial-robots.com/en/about-mir/news/,https://www.mobile-industrial-robots.com/,en,None — scrape,Monthly,News on autonomous mobile robots (AMRs) for internal logistics.,P1,page scrape,"AMR, mobile robots, logistics","product launches, corporate strategy",,Registry v1 (Jul 28),"Danish company, Teradyne owned."
Europe,NEURA Robotics,NEURA Robotics,Company,Company newsroom,https://neura-robotics.com/news,https://neura-robotics.com/,en,None — scrape,Monthly,Updates on cognitive robotics and AI-driven robotic assistants.,P1,page scrape,"cognitive robotics, AI, robotic assistants","product launches, corporate strategy",,Registry v1 (Jul 28),German company.
Europe,Ocado Technology,Ocado Technology,Company,Company newsroom,https://www.ocadogroup.com/media/news,https://www.ocadogroup.com/,en,None — scrape,Monthly,Updates on grocery fulfillment robotics and automation technology.,P1,page scrape,"fulfillment robotics, automation, grocery","product launches, corporate strategy",,Registry v1 (Jul 28),UK company.
Europe,Ottobock,,Company,Listed company IR/newsroom,https://corporate.ottobock.com/en/media/newsroom,https://corporate.ottobock.com/en/home,en/de,None — scrape,Weekly,"Ottobock is a leading innovator in wearable human bionics, exoskeletons, and bionic prosthetics.",P1,page scrape,exoskeletons;bionic prosthetics;orthotics;SUITX,primary announcement,XETR: OBCK,Site review v2 (Jul 30),
Europe,PAL Robotics,PAL Robotics,Company,Company newsroom,https://pal-robotics.com/blog/,https://pal-robotics.com/,en,None — scrape,Monthly,Updates on bipedal and humanoid robots for research and industry.,P1,page scrape,"humanoid, bipedal, robotics, research","product launches, corporate strategy",,Registry v1 (Jul 28),Spanish company.
Europe,QinetiQ,,Company,Listed company IR/newsroom,https://www.qinetiq.com/en-us/news-and-blogs,https://www.qinetiq.com/,en,None — scrape,Weekly,QinetiQ develops advanced multi-domain autonomous systems and robotics for defense and security applications.,P1,page scrape,autonomous;robotics;uncrewed;defense;ISR,primary announcement,LSE: QQ.,Site review v2 (Jul 30),
Europe,Rheinmetall AG,,Company,Listed company IR/newsroom,https://www.rheinmetall.com/en/media/news,https://www.rheinmetall.com/en,en,None — scrape,Weekly,"Rheinmetall is a major defense contractor developing unmanned ground vehicles (UGVs) like the Mission Master, relevant for military robotics and autonomous systems.",P1,page scrape,unmanned;UGV;Mission Master;autonomous;robotics,primary announcement,XETR: RHM,Site review v2 (Jul 30),
Europe,SCHUNK,,Company,Company newsroom,https://schunk.com/us/en/latest-news/news,https://schunk.com/us/en,en,None — scrape,Monthly,"Schunk is a leading provider of gripping systems, clamping technology, and robot accessories like the SVH hand, crucial for industrial and humanoid robotics.",P1,page scrape,gripper;clamping;automation;robot PLUS;end-of-arm,primary announcement,,Site review v2 (Jul 30),
Europe,Stabilus SE,,Company,Listed company IR/newsroom,https://group.stabilus.com/news-and-events/press-releases,https://group.stabilus.com/,en,RSS: https://group.stabilus.com/rss.xml,Monthly,"Stabilus SE is a major motion control and actuator manufacturer expanding into industrial automation and robotics, relevant for humanoid and robotic hardware supply chains.",P1,RSS,robotics;automation;actuator;motion control;humanoid,primary announcement,XETRA: STM,Site review v2 (Jul 30),
Europe,Stäubli Robotics,Stäubli,Company,Company newsroom,https://www.staubli.com/en-us/robotics/news/,https://www.staubli.com/en-us/robotics/,en,None — scrape,Monthly,Updates on industrial and collaborative robots.,P1,page scrape,"industrial robots, cobots, automation","product launches, corporate strategy",,Registry v1 (Jul 28),Swiss company.
Europe,Synapticon,,Company,Company newsroom,https://www.synapticon.com/en/company/news,https://www.synapticon.com/en,en,None — scrape,Monthly,"Synapticon is a leading provider of intelligent drive and safety technologies for robotics, notably partnering with Stabilus on humanoid actuators.",P1,page scrape,humanoid;actuator;motion control;servo drive;safety,primary announcement,,Site review v2 (Jul 30),
Europe,Wandelbots,Wandelbots,Company,Company newsroom,https://wandelbots.com/en/news/,https://wandelbots.com/,en,None — scrape,Monthly,Updates on no-code robotics software and teaching platforms.,P1,page scrape,"no-code robotics, software, teaching","product launches, corporate strategy",,Registry v1 (Jul 28),German company.
Europe,igus,,Company,Company newsroom,https://press.igus.com/,https://www.igus.com,en,RSS: https://press.igus.com/feed/,Weekly,"igus provides low-cost automation solutions, components, and the ReBeL cobot, driving affordable robotics adoption.",P1,RSS,ReBeL;cobot;low-cost automation;RBTX;AMR,primary announcement,,Site review v2 (Jul 30),
Europe,Euronext,,Exchange,Exchange newsroom / listings,https://live.euronext.com/en/ipo-showcase,https://www.euronext.com/en,en,None — scrape,Weekly,"Euronext is the primary listing venue for European robotics and automation companies, making it essential for tracking new IPOs and capital raises in the region.",P1,page scrape + IPO calendar,robotics IPO;listing;prospectus;automation;AI,primary disclosure/announcement,,Exchange/SEA batch v3 (Jul 30),
Europe,London Stock Exchange (LSE),,Exchange,Exchange newsroom / listings,https://www.londonstockexchange.com/news,https://www.londonstockexchange.com/,en,None — scrape,Daily,Provides official regulatory news and IPO filings for UK-listed robotics and AI companies.,P1,page scrape + IPO calendar,robotics IPO;listing;prospectus;RNS;AI,primary disclosure/announcement,,Exchange/SEA batch v3 (Jul 30),
Europe,Nasdaq Nordic,,Exchange,Exchange newsroom / listings,https://www.nasdaq.com/european-market-activity/news/company-news,https://www.nasdaq.com/solutions/nordic-equities-exchange-and-market,en,RSS: https://subscribe.news.eu.nasdaq.com/rss,Daily,"Key exchange for tracking robotics IPOs and listings in the Nordic region, including companies like Nilfisk and Lifco.",P1,RSS + page scrape,robotics IPO;listing;prospectus;Nasdaq First North,primary disclosure/announcement,,Exchange/SEA batch v3 (Jul 30),
Europe,European Robotics Forum (ERF),ERF,Exhibition,Exhibition news,https://www.eu-robotics.net/eurobotics-forum/,https://erf2024.eu/,en,None — scrape,Event-driven,Updates from the most influential meeting of the robotics community in Europe.,P1,page scrape,"robotics forum, community, research","industry trends, event announcements",,Registry v1 (Jul 28),"URL changes yearly (e.g., erf2024.eu, erf2025.eu). ERF site changes yearly; monitor via euRobotics."
Europe,Hannover Messe,Hannover Messe,Exhibition,Exhibition news,https://www.hannovermesse.de/en/press/press-releases/hannover-messe/press-releases,https://www.hannovermesse.de/en/,en,None — scrape,Event-driven,News from the world's leading industrial technology trade fair.,P1,page scrape,"industrial technology, automation, robotics","industry trends, event announcements",,Registry v1 (Jul 28),Available in German and English.
Europe,automatica Munich,automatica,Exhibition,Exhibition news,https://automatica-munich.com/en/trade-fair/press/press-releases/,https://automatica-munich.com/en/,en,None — scrape,Event-driven,News and trends from the leading exhibition for smart automation and robotics.,P1,page scrape,"exhibition, automation, robotics, trends","industry trends, event announcements",,Registry v1 (Jul 28),Available in German and English.
Europe,European AI Office,European AI Office,Government,Office news,https://digital-strategy.ec.europa.eu/en/policies/ai-office,https://digital-strategy.ec.europa.eu/en/policies/ai-office,en,None — scrape,Event-driven,"Implementation of the EU AI Act, which impacts AI-driven robotics.",P1,page scrape,"AI Act, compliance, regulation, robotics","regulatory compliance, policy implementation",,Registry v1 (Jul 28),Part of the digital strategy portal.
Europe,Innovation Norway,Innovasjon Norge,Government,Agency news,https://www.innovasjonnorge.no/en/about/news,https://www.innovasjonnorge.no/en,en,None — scrape,Weekly,"Norwegian government funding for innovation, including robotics and automation.",P1,page scrape,"robotics, automation, funding, innovation","funding announcements, national strategy",,Registry v1 (Jul 28),Available in Norwegian and English.
Europe,Plattform Industrie 4.0,Plattform Industrie 4.0,Government,Initiative news,https://www.plattform-i40.de/PI40/Navigation/EN/News/news.html,https://www.plattform-i40.de/,en,None — scrape,Monthly,Updates on Germany's central network for the digital transformation of manufacturing.,P1,page scrape,"Industry 4.0, digital twin, automation, manufacturing","industry standards, national strategy",,Registry v1 (Jul 28),No paywall.
Europe,UK AISI (AI Safety Institute),AISI,Government,Institute news,https://www.aisi.gov.uk/blog,https://www.aisi.gov.uk/,en,None — scrape,Event-driven,"UK AI safety evaluations and research, relevant for embodied AI.",P1,page scrape,"AI safety, evaluation, models, embodied AI","safety evaluations, policy",,Registry v1 (Jul 28),No paywall. AISI publishes via blog and research pages.
Europe,UKRI EPSRC,EPSRC,Government,Funding news,https://www.ukri.org/news/?filter_council%5B%5D=814&filter_order=publication_date-desc,https://www.ukri.org/councils/epsrc/,en,None — scrape,Weekly,"UK funding announcements for engineering and physical sciences, including robotics.",P1,page scrape,"robotics, engineering, funding, research","research funding, project announcements",,Registry v1 (Jul 28),No paywall. EPSRC-filtered UKRI news.
Europe,Vinnova,Vinnova,Government,Agency news,https://www.vinnova.se/en/news/,https://www.vinnova.se/en/,en,None — scrape,Weekly,Sweden's innovation agency funding and project news for tech and robotics.,P1,page scrape,"robotics, AI, innovation, funding","research funding, national strategy",,Registry v1 (Jul 28),Available in Swedish and English.
Europe,European Patent Office (EPO),EPO,Patent,Patent news,https://www.epo.org/en/news-events/news,https://www.epo.org/,en,RSS: https://www.epo.org/en/rss.xml,Weekly,"News on patent trends, including robotics and AI patent filings in Europe.",P1,RSS,"robotics, AI, patents, innovation","patent filings, innovation trends",,Registry v1 (Jul 28),No paywall.
Europe,TED (Tenders Electronic Daily),TED,Procurement,Public procurement,https://ted.europa.eu/en/search/result?q=robotics,https://ted.europa.eu/,en,API: TED API,Daily,Public procurement notices for robotics and automation systems across the EU.,P1,API,"robotics, automation, tender, contract","public contracts, government spending",,Registry v1 (Jul 28),"Requires API key for bulk access, but search is free."
Europe,CNRS LAAS,LAAS-CNRS,Research,Institute news,https://www.laas.fr/en/news/,https://www.laas.fr/en/,en,None — scrape,Monthly,"French research in robotics, optimization, and control systems.",P1,page scrape,"robotics, control systems, optimization","academic research, technology breakthroughs",,Registry v1 (Jul 28),Available in French and English.
Europe,Tecnalia,,Research,Research institute,https://www.tecnalia.com/en/news,https://www.tecnalia.com/en,en,None — scrape,Weekly,Tecnalia is a leading European research and technological development center conducting applied research in areas including robotics and AI.,P1,page scrape,robotics;AI;automation;digital twin;smart manufacturing,primary announcement,,Site review v2 (Jul 30),
Europe,Bristol Robotics Laboratory,Bristol Robotics Laboratory,University,Lab news,https://www.bristolroboticslab.com/about-us,https://www.bristolroboticslab.com/,en,None — scrape,Monthly,UK's largest academic centre for multi-disciplinary robotics research.,P1,page scrape,"robotics, research, multi-disciplinary","academic research, technology breakthroughs",,Registry v1 (Jul 28),No paywall. BRL site has no dedicated news page; monitor UWE/Bristol Uni news + BRL LinkedIn for announcements.
Europe,EPFL Robotics,EPFL Robotics,University,University news,https://actu.epfl.ch/,https://www.epfl.ch/en/,en,RSS: https://actu.epfl.ch/search/rss/?q=robotics,Weekly,"Research in micro-robotics, bio-inspired robotics, and human-robot interaction.",P1,RSS,"robotics, bio-inspired, micro-robotics","academic research, technology breakthroughs",,Registry v1 (Jul 28),No paywall. EPFL news search route. Filter robotics topic on EPFL news portal; search route: actu.epfl.ch + robotics keyword.
Europe,Oxford Robotics Institute (ORI),Oxford Robotics Institute,University,Institute news,https://ori.ox.ac.uk/news/,https://ori.ox.ac.uk/,en,None — scrape,Monthly,"Research in mobile autonomy, navigation, and perception.",P1,page scrape,"autonomy, navigation, perception, mobile robots","academic research, technology breakthroughs",,Registry v1 (Jul 28),No paywall.
Europe,TU Delft Robotics Institute,TU Delft Robotics Institute,University,Institute news,https://www.tudelft.nl/en/stories,https://www.tudelft.nl/en/robotics-institute,en,None — scrape,Monthly,"Dutch research in cognitive robotics, swarm robotics, and human-robot interaction.",P1,page scrape,"cognitive robotics, swarm robotics, HRI","academic research, technology breakthroughs",,Registry v1 (Jul 28),No paywall. Institute page reorganized; use TU Delft stories/news and 3mE dept news; filter robotics.
Europe,TU Munich MIRMI,TUM MIRMI,University,Institute news,https://www.mirmi.tum.de/en/mirmi/news/,https://www.mirmi.tum.de/mirmi/,en,None — scrape,Monthly,Munich Institute of Robotics and Machine Intelligence research updates.,P1,page scrape,"robotics, machine intelligence, AI","academic research, technology breakthroughs",,Registry v1 (Jul 28),No paywall.
Europe,European Investment Bank (EIB),,Authority,Independent authority,https://www.eib.org/en/press/all/index,https://www.eib.org/en/index,en,RSS: https://www.eib.org/press/all/index.rss,Daily,"EIB provides venture-debt financings to European robotics companies, making it a key source for funding news.",P2,RSS,robotics;venture debt;financing;AI;automation,primary disclosure/announcement,,Exchange/SEA batch v3 (Jul 30),
Europe,TÜV SÜD,TÜV SÜD,Authority,Independent authority,https://www.tuvsud.com/en/newsroom/press-releases,https://www.tuvsud.com/en,en,None — scrape,Occasional,"TÜV SÜD and TÜV Rheinland provide critical safety testing and certification for industrial and collaborative robots, ensuring compliance with European and global standards.",P2,page scrape,robotics;certification;safety;cobot;autonomous,primary disclosure/announcement,,Exchange/SEA batch v3 (Jul 30),
Europe,Balyo,,Company,Listed company IR/newsroom,https://www.balyo.com/news,https://www.balyo.com/,en,None — scrape,Occasional,"Balyo develops autonomous mobile robot (AMR) technology for warehouse and manufacturing environments, turning standard electric trucks into standalone intelligent robots.",P2,page scrape,autonomous forklifts;AGV;AMR;SoftBank;warehouse automation,primary announcement,EPA: BALYO,Site review v2 (Jul 30),"SoftBank acquired >91% in Nov 2024, delisting squeeze-out initiated Dec 2025/Jan 2026"
Europe,Blue Ocean Robotics,,Company,Company newsroom,https://www.blue-ocean-robotics.com/news,https://www.blue-ocean-robotics.com/,en,RSS: https://www.blue-ocean-robotics.com/news/rss.xml,Occasional,Blue Ocean Robotics is a robot venture factory developing professional service robots like UVD Robots and GoBe Robots.,P2,RSS,service robots;UVD Robots;GoBe Robots;PTR Robots;funding,primary announcement,,Site review v2 (Jul 30),
Europe,Brokk,,Company,Company newsroom,https://www.brokk.com/press-release/,https://www.brokk.com/,en,None — scrape,Occasional,"Brokk is a leading manufacturer of remote-controlled demolition robots, providing insights into heavy-duty robotics applications.",P2,page scrape,demolition robot;remote-controlled;SmartPower,primary announcement,STO: LIFCO-B,Site review v2 (Jul 30),
Europe,Engineered Arts,,Company,Company newsroom,https://engineeredarts.com/blog,https://engineeredarts.com/,en,None — scrape,Occasional,"Engineered Arts is a leading developer of highly realistic, interactive social humanoid robots like Ameca and Mesmer.",P2,page scrape,humanoid;Ameca;Mesmer;social robot;Series A,primary announcement,,Site review v2 (Jul 30),
Europe,OnRobot,,Company,Company newsroom,https://onrobot.com/en/news,https://onrobot.com/en,en,None — scrape,Occasional,"OnRobot is a leading provider of end-of-arm tooling (EOAT) and software for collaborative robots, crucial for automation deployment.",P2,page scrape,EOAT;gripper;D:PLOY;collaborative robot;automation,primary announcement,,Site review v2 (Jul 30),
Europe,RobCo,,Company,Company newsroom,https://www.robco.de/en/company/press,https://www.robco.de/en,en,None — scrape,Occasional,"RobCo develops modular, AI-powered, and autonomous industrial cobots for SME manufacturing.",P2,page scrape,modular;cobot;autonomous;funding;Series C,primary announcement,,Site review v2 (Jul 30),
Europe,Shadow Robot Company,,Company,Company newsroom,https://shadowrobot.com/our-blog/,https://shadowrobot.com/,en,RSS: https://shadowrobot.com/feed/,Occasional,"Shadow Robot Company is a pioneer in dexterous robotic hands and teleoperation, recently partnering with Google DeepMind and ARIA for advanced manipulation research.",P2,RSS,dexterous hand;teleoperation;DEX-EE;Google DeepMind;ARIA,primary announcement,,Site review v2 (Jul 30),
Europe,Deutsche Boerse / Frankfurt Stock Exchange,Deutsche Börse / Frankfurter Wertpapierbörse,Exchange,Exchange newsroom / listings,https://www.cashmarket.deutsche-boerse.com/cash-en/Data-Tech/statistics/New-Companies,https://www.deutsche-boerse.com/dbg-en/,en/de,RSS: https://live.deutsche-boerse.com/rss,Occasional,Monitors new listings and corporate disclosures on the Frankfurt Stock Exchange for German robotics companies.,P2,page scrape + IPO calendar,robotics IPO;listing;prospectus;EQS;disclosure,primary disclosure/announcement,,Exchange/SEA batch v3 (Jul 30),
Europe,SIX Swiss Exchange,,Exchange,Exchange newsroom / listings,https://www.six-group.com/en/newsroom/media-releases.html,https://www.six-group.com/en/products-services/the-swiss-stock-exchange.html,en,RSS: https://www.six-group.com/en/market-data/news-tools/newsboard.html,Occasional,"SIX Swiss Exchange is a key venue for European robotics and automation listings, capturing developments from companies adjacent to major players like ABB and Stäubli.",P2,page scrape + IPO calendar,robotics IPO;listing;prospectus;automation,primary disclosure/announcement,,Exchange/SEA batch v3 (Jul 30),
Europe,Eurostat,Eurostat,Statistics,Statistical releases,https://ec.europa.eu/eurostat/web/main/news/news-articles,https://ec.europa.eu/eurostat,en,RSS: https://ec.europa.eu/eurostat/web/main/news/news-articles?p_p_id=rss_WAR_rssportlet&p_p_lifecycle=2&p_p_state=normal&p_p_mode=view&p_p_resource_id=rss&p_p_cacheability=cacheLevelPage&p_p_col_id=column-1&p_p_col_count=1,Weekly,Macroeconomic data and statistics on technology adoption in European enterprises.,P2,RSS,"technology adoption, automation, manufacturing, statistics","macroeconomic data, adoption rates",,Registry v1 (Jul 28),No paywall.
Taiwan,Solomon Technology,所羅門,Company,Corporate newsroom,https://www.solomon-3d.com/category/news-events/press-releases/,https://www.solomon-3d.com/,zh+en,None — scrape,Weekly,Leading provider of 3D vision and AI robotics solutions.,P0,page scrape,"3D vision, AI, robotics, 機器視覺, 人工智慧","product launches, corporate announcements",,Registry v1 (Jul 28),English site available.
Taiwan,Taiwan Semiconductor Manufacturing Company (TSMC),台灣積體電路製造,Company,Corporate newsroom,https://pr.tsmc.com/english/latest-news,https://www.tsmc.com/english,zh+en,None — scrape,Weekly,"World's largest contract chipmaker, announces semiconductor tech crucial for AI and robotics.",P0,page scrape,"AI, semiconductor, robotics, 人工智慧, 半導體","corporate announcements, earnings, tech breakthroughs",,Registry v1 (Jul 28),English site available.
Taiwan,Techman Robot,達明機器人,Company,Corporate newsroom,https://www2.tm-robot.com/en/tm-news-post/,https://www.tm-robot.com/en,zh+en,None — scrape,Weekly,"Leading global collaborative robot (cobot) manufacturer, subsidiary of Quanta.",P0,page scrape,"cobot, AI, robotics, 協作機器人, 人工智慧","product launches, corporate announcements",,Registry v1 (Jul 28),English site available.
Taiwan,TWSE Market Observation Post System (MOPS),公開資訊觀測站,Disclosure,Stock exchange filings,https://mops.twse.com.tw/mops/web/t05st01,https://mops.twse.com.tw/mops/web/index,zh+en,None — scrape,Daily,"Official source for corporate filings, earnings, and material events for publicly traded robotics companies.",P0,page scrape,"robotics, automation, earnings, 機器人, 自動化","corporate filings, earnings, material events",,Registry v1 (Jul 28),Requires searching by company ticker or keyword.
Taiwan,Taiwan Automation Intelligence and Robot Show (TAIROS),台灣機器人與智慧自動化展,Exhibition,Exhibition news,https://tairos.chanchao.com.tw/en,https://tairos.chanchao.com.tw/en,zh+en,None — scrape,Event-driven,Taiwan's sole international exhibition for industrial robots and automation.,P0,page scrape,"robotics, automation, AI, 機器人, 自動化","exhibition announcements, product launches",,Registry v1 (Jul 28),English site available.
Taiwan,Executive Yuan,行政院,Government,Cabinet press releases,https://english.ey.gov.tw/Page/5A898E83D438145A,https://english.ey.gov.tw/,zh+en,None — scrape,Weekly,Announces national-level AI and robotics action plans and legislation.,P0,page scrape,"AI, robotics, smart robot, 人工智慧, 機器人","national policy, legislation",,Registry v1 (Jul 28),English site available.
Taiwan,National Science and Technology Council (NSTC),國家科學及技術委員會,Government,Council press releases,https://www.nstc.gov.tw/?l=en,https://www.nstc.gov.tw/,zh+en,RSS: https://www.nstc.gov.tw/folksonomy/rss/ca06126c-7613-4024-8118-29280927814b?l=ch,Daily,"Announces major research grants, national AI/robotics initiatives, and science park developments.",P0,RSS,"robotics, AI, 機器人, 人工智慧","research grants, national initiatives",,Registry v1 (Jul 28),Chinese site has more comprehensive news. Use NSTC news list page; Chinese list richer. Use English portal news list; Chinese list richer.
Taiwan,Industrial Technology Research Institute (ITRI),工業技術研究院,Research,Research institute news,https://www.itri.org.tw/english/ListStyle.aspx?DisplayStyle=06&SiteID=1&MmmID=617731531241750114,https://www.itri.org.tw/,zh+en,None — scrape,Weekly,"Major applied technology research institute, announces robotics, automation, and AI breakthroughs.",P0,page scrape,"robotics, automation, AI, 機器人, 自動化","research breakthroughs, technology transfer",,Registry v1 (Jul 28),English site available.
Taiwan,SEMI Taiwan,國際半導體產業協會台灣分會,Association,Association news,https://semicontaiwan.org/en,https://semicontaiwan.org/en,zh+en,None — scrape,Weekly,Announces semiconductor manufacturing equipment and fab automation news.,P1,page scrape,"automation, semiconductor, robotics, 自動化, 半導體","fab automation, equipment news",,Registry v1 (Jul 28),English site available.
Taiwan,Taiwan Automation Intelligence and Robotics Association (TAIROA),台灣智慧自動化與機器人協會,Association,Association news,https://www.tairoa.org.tw/,https://www.tairoa.org.tw/,zh,None — scrape,Weekly,"Major robotics association in Taiwan, announces industry alliances, exhibitions, and member news.",P1,page scrape,"robotics, automation, AI, 機器人, 自動化","industry alliances, member news",,Registry v1 (Jul 28),Mostly in Chinese.
Taiwan,ADLINK Technology,凌華科技,Company,Listed company IR/newsroom,https://www.adlinktech.com/en/news-press-releases,https://www.adlinktech.com/en/index,en/zh,None — scrape,Monthly,ADLINK Technology provides edge computing and ROS 2 platforms essential for autonomous mobile robots and industrial robotics.,P1,page scrape,edge computing;ROS 2;autonomous mobile robots;AMR;edge AI,primary announcement,TWSE: 6166,Site review v2 (Jul 30),
Taiwan,Advantech,研華科技,Company,Corporate newsroom,https://www.advantech.com/en-us/about/corporate-news,https://www.advantech.com/en-us,zh+en,None — scrape,Weekly,"Major industrial PC and IoT computing provider, announces edge AI and automation hardware.",P1,page scrape,"AI, IoT, automation, 人工智慧, 自動化","corporate announcements, product launches",,Registry v1 (Jul 28),English site available.
Taiwan,Coretronic Corporation,中強光電,Company,Corporate newsroom,https://www.coretronic.com/en/news,https://www.coretronic.com/en,zh+en,None — scrape,Weekly,Announces developments in display technologies and intelligent robotics (via subsidiary Coretronic Intelligent Robotics).,P1,page scrape,"robotics, intelligent, display, 機器人, 智能","corporate announcements, earnings",,Registry v1 (Jul 28),English site available.
Taiwan,Delta Electronics,台達電子,Company,Corporate newsroom,https://www.deltaww.com/en-US/press/releases,https://www.deltaww.com/en-US,zh+en,None — scrape,Weekly,Major provider of industrial automation and robotics components.,P1,page scrape,"robotics, automation, 機器人, 自動化","corporate announcements, product launches",,Registry v1 (Jul 28),English site available.
Taiwan,HIWIN Technologies,上銀科技,Company,Corporate newsroom,https://en.hiwin.cn/news.html,https://www.hiwin.tw/,zh+en,None — scrape,Weekly,Major manufacturer of linear motion components and robot arms.,P1,page scrape,"robotics, linear guideway, automation, 機器人, 自動化","product launches, corporate announcements",,Registry v1 (Jul 28),English site available.
Taiwan,Hon Hai Technology Group (Foxconn),鴻海科技集團,Company,Corporate newsroom,https://www.foxconn.com/en-us/press-center/press-releases/latest-news,https://www.foxconn.com/en-us,zh+en,None — scrape,Weekly,"Major manufacturer, announces AI servers, robotics, and smart manufacturing initiatives.",P1,page scrape,"robotics, AI, automation, 機器人, 人工智慧","corporate announcements, product launches",,Registry v1 (Jul 28),English site available.
Taiwan,MediaTek,聯發科技,Company,Corporate newsroom,https://www.mediatek.com/press-room,https://www.mediatek.com/,zh+en,None — scrape,Weekly,"Major fabless semiconductor company, announces chips for edge AI and robotics.",P1,page scrape,"AI, semiconductor, edge computing, 人工智慧, 邊緣運算","product launches, corporate announcements",,Registry v1 (Jul 28),English site available.
Taiwan,Pegatron Corporation,和碩聯合科技,Company,Corporate newsroom,https://svr.pegatroncorp.com/news,https://www.pegatroncorp.com/,zh+en,None — scrape,Weekly,"Major electronics manufacturer, entering humanoid and robotics supply chain.",P1,page scrape,"robotics, AI, humanoid, 機器人, 人工智慧","corporate announcements, earnings",,Registry v1 (Jul 28),English site available.
Taiwan,Quanta Computer,廣達電腦,Company,Corporate newsroom,https://www.quantatw.com/quanta/english/allnews/allnews_hot.aspx,https://www.quantatw.com/quanta/english/,zh+en,None — scrape,Weekly,"Major electronics manufacturer, announces AI servers and robotics initiatives (parent of Techman Robot).",P1,page scrape,"AI, robotics, server, 人工智慧, 機器人","corporate announcements, earnings",,Registry v1 (Jul 28),English site available.
Taiwan,Taipei Exchange (TPEx),證券櫃檯買賣中心,Exchange,Exchange newsroom / listings,https://www.tpex.org.tw/en-us/about/company/press/list.html,https://www.tpex.org.tw/en-us/index.html,en/zh,API: TPEX E-Data Shop,Daily,"Key venue for early-stage and emerging tech startups in Taiwan, capturing robotics listings before they move to the main TWSE board.",P1,page scrape + API,robotics IPO;listing;prospectus;emerging stock board,primary disclosure/announcement,,Exchange/SEA batch v3 (Jul 30),
Taiwan,Taiwan Stock Exchange (TWSE),台灣證券交易所,Exchange,Exchange newsroom / listings,https://www.twse.com.tw/en/listed/listed/new-listing.html,https://www.twse.com.tw/en/,en,None — scrape,Weekly,TWSE new listings page is essential for tracking robotics and component company IPOs and listings in Taiwan.,P1,page scrape + IPO calendar,robotics IPO;listing;prospectus;automation;AI,primary disclosure/announcement,,Exchange/SEA batch v3 (Jul 30),
Taiwan,Computex (TAITRA),台北國際電腦展,Exhibition,Exhibition news,https://www.computextaipei.com.tw/en/news/data-list/news/index.html,https://www.computextaipei.com.tw/en,zh+en,None — scrape,Event-driven,"Major global tech exhibition, announces AI, robotics, and computing innovations.",P1,page scrape,"AI, robotics, computing, 人工智慧, 機器人","exhibition announcements, product launches",,Registry v1 (Jul 28),English site available.
Taiwan,Taipei International Industrial Automation Exhibition,台北國際自動化工業大展,Exhibition,Exhibition news,https://automationtaipei.chanchao.com.tw/en,https://automationtaipei.chanchao.com.tw/en,zh+en,None — scrape,Event-driven,Major industrial automation exhibition in Taiwan.,P1,page scrape,"automation, smart manufacturing, 自動化, 智慧製造","exhibition announcements, product launches",,Registry v1 (Jul 28),English site available.
Taiwan,Central Taiwan Science Park Bureau,中部科學園區管理局,Government,Science park news,https://www.ctsp.gov.tw/english/01about/abo_park_profile.aspx?v=20&fr=768&no=771,https://www.ctsp.gov.tw/english/,zh+en,None — scrape,Weekly,"Announces developments in Central Taiwan Science Park, focusing on precision machinery and optoelectronics.",P1,page scrape,"robotics, automation, AI, 機器人, 自動化","company setups, expansions",,Registry v1 (Jul 28),English site available.
Taiwan,Hsinchu Science Park Administration,新竹科學園區管理局,Government,Science park news,https://web.sipa.gov.tw/english/newList,https://web.sipa.gov.tw/english/,zh+en,None — scrape,Weekly,"Announces new company setups, expansions, and tech developments in Taiwan's premier science park.",P1,page scrape,"robotics, automation, AI, 機器人, 自動化","company setups, expansions",,Registry v1 (Jul 28),English site available.
Taiwan,MOEA Industrial Development Administration,經濟部產業發展署,Government,Ministry press releases,https://www.ida.gov.tw/ctlr?PRO=news&lang=1,https://www.ida.gov.tw/ctlr?PRO=index&lang=1,zh+en,RSS: https://www.ida.gov.tw/ctlr?PRO=news_rss&lang=1,Daily,"Announces government funding, policies, and industry programs for automation and robotics.",P1,RSS,"robotics, automation, AI, 機器人, 自動化","official policy text, funding announcements",,Registry v1 (Jul 28),English site is less frequently updated than Chinese site.
Taiwan,Ministry of Digital Affairs (MODA),數位發展部,Government,Ministry press releases,https://moda.gov.tw/en/press/press-releases/372,https://moda.gov.tw/en/,zh+en,None — scrape,Weekly,"Announces digital resilience, AI government talent, and software policies.",P1,page scrape,"AI, robotics, digital, 人工智慧, 機器人","digital policy, AI talent initiatives",,Registry v1 (Jul 28),English site available.
Taiwan,Southern Taiwan Science Park Bureau,南部科學園區管理局,Government,Science park news,https://www.stsp.gov.tw/web/indexGroups?frontTarget=ENGLISH,https://www.stsp.gov.tw/web/indexGroups?frontTarget=ENGLISH,zh+en,None — scrape,Weekly,"Announces developments in Southern Taiwan Science Park, a major hub for semiconductor and optoelectronics.",P1,page scrape,"robotics, automation, AI, 機器人, 自動化","company setups, expansions",,Registry v1 (Jul 28),English site available.
Taiwan,Institute for Information Industry (III),資訊工業策進會,Research,Research institute news,https://www.iii.org.tw/en/news,https://www.iii.org.tw/en,zh+en,None — scrape,Weekly,"Announces software, AI, and digital technology developments relevant to robotics.",P1,page scrape,"AI, software, robotics, 人工智慧, 軟體","software developments, AI applications",,Registry v1 (Jul 28),English site available.
Taiwan,National Institutes of Applied Research (NIAR/NARLabs),國家實驗研究院,Research,Research institute news,https://www.niar.org.tw/en/xmdoc/cont?xsmsid=0I160457997407279810,https://www.niar.org.tw/en,zh+en,None — scrape,Weekly,"Announces advanced research in semiconductors, AI, and applied sciences.",P1,page scrape,"AI, semiconductor, robotics, 人工智慧, 半導體","advanced research, national labs",,Registry v1 (Jul 28),English site available. Formerly NARLabs.
Taiwan,Taiwan Association of Machinery Industry (TAMI),臺灣機械工業同業公會,Association,Industry association,https://www.tami.org.tw/news/event-info,https://www.tami.org.tw/,zh/en,None — scrape,Occasional,"Provides industry news, statistics, and updates on Taiwan's machinery and robotics sector.",P2,page scrape,robotics;automation;machinery;smart manufacturing,primary disclosure/announcement,,Exchange/SEA batch v3 (Jul 30),
Taiwan,Taiwan Electrical and Electronic Manufacturers' Association (TEEMA),台灣區電機電子工業同業公會,Association,Association news,https://www.teema.org.tw/englishnew/index.html,https://www.teema.org.tw/englishnew/index.html,zh+en,None — scrape,Weekly,"Key electronics association, covers supply chain news for robotics components and systems.",P2,page scrape,"robotics, automation, electronics, 機器人, 自動化","supply chain news, member news",,Registry v1 (Jul 28),English site available.
Taiwan,ADATA Technology,威剛科技,Company,Corporate newsroom,https://www.adata.com/us/news/,https://www.adata.com/us/,zh+en,None — scrape,Weekly,"Announces memory and storage solutions for AI computing, and consumer robotics (e.g., ADATA robotics arm).",P2,page scrape,"AI, robotics, memory, 人工智慧, 機器人","corporate announcements, product launches",,Registry v1 (Jul 28),English site available.
Taiwan,ASUS,華碩電腦,Company,Corporate newsroom,https://press.asus.com/,https://www.asus.com/,zh+en,None — scrape,Weekly,"Major hardware manufacturer, announces AI PCs, edge computing, and robotics initiatives.",P2,page scrape,"AI, edge computing, robotics, 人工智慧, 邊緣運算","corporate announcements, product launches",,Registry v1 (Jul 28),English site available.
Taiwan,AUO Corporation,友達光電,Company,Corporate newsroom,https://www.auo.com/en-global/New_Archive/index,https://www.auo.com/en-global,zh+en,None — scrape,Weekly,"Major display manufacturer, announces smart manufacturing and AI vertical applications.",P2,page scrape,"AI, smart manufacturing, display, 人工智慧, 智慧製造","corporate announcements, earnings",,Registry v1 (Jul 28),English site available.
Taiwan,Aeolus Robotics,全智通機器人 / 睿智通機器人,Company,Company newsroom,https://aeolusbot.com/,https://aeolusbot.com/,en,None — scrape,Occasional,"Aeolus Robotics develops autonomous dual-arm humanoid service robots for healthcare, elderly care, and property management.",P2,page scrape,humanoid;service robot;aeo;dual-arm;elderly care,primary announcement,,Site review v2 (Jul 30),"No dedicated newsroom page found, news articles are listed on the homepage"
Taiwan,Brain Navi Biotechnology,鈦隼生物科技股份有限公司,Company,Company newsroom,https://brainnavi.com/category/news/,https://brainnavi.com,en/zh,None — scrape,Occasional,"Develops the NaoTrac neurosurgical navigation robot, advancing AI-driven precision and safety in neurosurgery.",P2,page scrape,NaoTrac;surgical robot;FDA;IPO;neurosurgery,primary announcement,,Site review v2 (Jul 30),
Taiwan,Compal Electronics,仁寶電腦,Company,Corporate newsroom,https://www.compal.com/en-us/media/,https://www.compal.com/en-us/,zh+en,None — scrape,Weekly,"Major electronics manufacturer, announces AI infrastructure and smart manufacturing.",P2,page scrape,"AI, infrastructure, manufacturing, 人工智慧, 製造","corporate announcements, earnings",,Registry v1 (Jul 28),English site available.
Taiwan,Gigabyte Technology,技嘉科技,Company,Corporate newsroom,https://www.gigabyte.com/press/news,https://www.gigabyte.com/,zh+en,None — scrape,Weekly,"Major hardware manufacturer, announces AI servers and robotics compute platforms.",P2,page scrape,"AI, server, robotics, 人工智慧, 伺服器","corporate announcements, product launches",,Registry v1 (Jul 28),English site available.
Taiwan,HOBOT Technology Inc.,好樣科技有限公司,Company,Company newsroom,https://hobot.us/blogs/news,https://www.hobot.com.tw/,en/zh,None — scrape,Occasional,"HOBOT Technology is a Taiwanese manufacturer of automated window and floor cleaning robots, relevant for consumer robotics and home automation trends.",P2,page scrape,window cleaning robot;floor cleaning robot;LEGEE;HOBOT;ultrasonic spray,primary announcement,,Site review v2 (Jul 30),
Taiwan,Wistron Corporation,緯創資通,Company,Corporate newsroom,https://www.wistron.com/en/Newsroom,https://www.wistron.com/en,zh+en,None — scrape,Weekly,"Major electronics manufacturer, announces AI servers and data center infrastructure.",P2,page scrape,"AI, server, infrastructure, 人工智慧, 伺服器","corporate announcements, earnings",,Registry v1 (Jul 28),English site available.
Taiwan,Taiwan Intellectual Property Office (TIPO),經濟部智慧財產局,Patent,Patent office news,https://www.tipo.gov.tw/en/tipo2/339.html,https://www.tipo.gov.tw/en/tipo2,zh+en,None — scrape,Weekly,"Announces patent trends, intellectual property regulations, and statistics relevant to robotics.",P2,page scrape,"patent, robotics, AI, 專利, 機器人","patent statistics, IP regulations",,Registry v1 (Jul 28),English site available.
Taiwan,Academia Sinica,中央研究院,Research,Research institute news,https://www.sinica.edu.tw/en/news_card/56,https://www.sinica.edu.tw/en,zh+en,None — scrape,Weekly,"Taiwan's premier academic research institution, covers fundamental AI and robotics research.",P2,page scrape,"AI, robotics, 人工智慧, 機器人","fundamental research, academic breakthroughs",,Registry v1 (Jul 28),English site available.
Taiwan,National Cheng Kung University (NCKU),國立成功大學,University,University news,https://ennews-secr.ncku.edu.tw/,https://web.ncku.edu.tw/,zh+en,None — scrape,Weekly,"Major engineering university in southern Taiwan, announces robotics and aerospace research.",P2,page scrape,"robotics, AI, engineering, 機器人, 人工智慧","university research, engineering breakthroughs",,Registry v1 (Jul 28),English site available.
Taiwan,National Taiwan University (NTU) Center for AI and Advanced Robotics,國立臺灣大學人工智慧與機器人研究中心,University,Lab news,http://ai.robo.ntu.edu.tw/en/index.php,http://ai.robo.ntu.edu.tw/en/index.php,zh+en,None — scrape,Monthly,Top university lab for AI and robotics research in Taiwan.,P2,page scrape,"robotics, AI, 機器人, 人工智慧","university research, lab breakthroughs",,Registry v1 (Jul 28),English site available.
Taiwan,National Tsing Hua University (NTHU),國立清華大學,University,University news,https://nthu-en.site.nthu.edu.tw/p/403-1003-4806-1.php,https://nthu-en.site.nthu.edu.tw/,zh+en,None — scrape,Weekly,"Major engineering university in Taiwan, announces robotics and AI research.",P2,page scrape,"robotics, AI, engineering, 機器人, 人工智慧","university research, engineering breakthroughs",,Registry v1 (Jul 28),English site available.
Taiwan,National Yang Ming Chiao Tung University (NYCU),國立陽明交通大學,University,University news,https://www.nycu.edu.tw/nycu/en/app/news/list?module=headnews&id=552,https://en.nycu.edu.tw/,zh+en,None — scrape,Weekly,"Major engineering and medical university in Hsinchu, announces semiconductor, AI, and robotics research.",P2,page scrape,"robotics, AI, semiconductor, 機器人, 人工智慧","university research, engineering breakthroughs",,Registry v1 (Jul 28),English site available.
Hong Kong,Horizon Robotics Investor Relations,地平線投資者關係,Company,IR announcements,https://www.horizon.auto/en/investor-relations,https://www.horizon.auto/,en,None — scrape,Event-driven,Financial reports and corporate updates from a leading provider of smart driving computing solutions listed in HK.,P0,page scrape,"smart driving, autonomous, financial report, computing","Corporate financials, autonomous driving tech updates",,Registry v1 (Jul 28),HK-listed (9660.HK). Key for autonomous driving computing.
Hong Kong,UBTECH Investor Relations,優必選投資者關係,Company,IR announcements,https://www.ubtrobot.com/en/investor-relations,https://www.ubtrobot.com/,en,None — scrape,Event-driven,"Financial reports, corporate governance, and major business updates from a leading humanoid robotics company listed in HK.",P0,page scrape,"humanoid, financial report, mass production, delivery","Corporate financials, mass production milestones",,Registry v1 (Jul 28),HK-listed (9880.HK). Primary source for UBTECH financials.
Hong Kong,HKEXnews,披露易,Disclosure,Stock exchange filings,https://www1.hkexnews.hk/search/titlesearch.xhtml,https://www.hkexnews.hk/,en,None — scrape,Daily,"Official financial filings, IPO prospectuses, and corporate announcements for HK-listed robotics companies (e.g., UBTECH, Horizon Robotics).",P0,page scrape,"robotics, AI, automation, UBTECH, Horizon Robotics","Financial filings, IPOs, corporate actions",,Registry v1 (Jul 28),Primary source for listed company disclosures.
Hong Kong,HKSAR Government Press Releases,香港特別行政區政府新聞公報,Government,General government press releases,https://www.info.gov.hk/gia/general/today.htm,https://www.info.gov.hk/,en,RSS: https://www.info.gov.hk/gia/rss/general_rss.xml,Daily,"Comprehensive feed of all HK government announcements, including those from departments deploying robots (e.g., EMSD, Hospital Authority).",P0,RSS,"robot, robotics, automation, AI, smart","Official government deployments, policy",,Registry v1 (Jul 28),"High volume, requires strict keyword filtering."
Hong Kong,Hong Kong Science and Technology Parks (HKSTP),香港科技園,Government,Science park news,https://www.hkstp.org/en/park-life/news-and-events,https://www.hkstp.org/en/,en,None — scrape,Weekly,"News on robotics startups incubating at HKSTP, partnerships, and robotics-related events at the park.",P0,page scrape,"robotics, AI, startup, incubation, automation","Startup milestones, park partnerships",,Registry v1 (Jul 28),Major hub for robotics companies in HK.
Hong Kong,InnoHK,InnoHK創新香港研發平台,Government,Research cluster news,https://www.innohk.gov.hk/,https://www.innohk.gov.hk/,en,None — scrape,Monthly,Updates on the AIR@InnoHK (Artificial Intelligence and Robotics) research cluster and its constituent labs.,P0,page scrape,"AIR@InnoHK, robotics, AI, research cluster","Research cluster developments, lab funding",,Registry v1 (Jul 28),AIR@InnoHK is the premier government-backed robotics research initiative.
Hong Kong,Innovation and Technology Commission (ITC),創新科技署,Government,Commission press releases,https://www.itc.gov.hk/en/press/press_releases.html,https://www.itc.gov.hk/,en,None — scrape,Weekly,"Announcements regarding the Innovation and Technology Fund (ITF), InnoHK research clusters, and specific R&D funding for robotics.",P0,page scrape,"robotics, InnoHK, funding, R&D, automation","Funding filings, research cluster announcements",,Registry v1 (Jul 28),Crucial for tracking government grants to robotics startups and labs.
Hong Kong,Black Sesame Technologies Investor Relations,黑芝麻智能投資者關係,Company,IR announcements,https://ir.blacksesame.com/?lang=en,https://www.blacksesame.com/en,en,None — scrape,Event-driven,Financial and corporate updates from a leading provider of autonomous driving SoCs listed in HK.,P1,page scrape,"autonomous driving, SoC, financial report, AI chip","Corporate financials, autonomous driving hardware",,Registry v1 (Jul 28),HK-listed (2533.HK).
Hong Kong,DJI,大疆創新,Company,Company newsroom,https://www.dji.com/newsroom,https://www.dji.com/,en,None — scrape,Monthly,"News on consumer and enterprise drones, aerial imaging, and automation solutions.",P1,page scrape,"drone, automation, enterprise, product release","Product launches, enterprise drone deployments",,Registry v1 (Jul 28),"Originated from HKUST, major global drone manufacturer."
Hong Kong,Geek+,極智嘉,Company,Company newsroom,https://www.geekplus.com/resources/news,https://www.geekplus.com/,en,None — scrape,Monthly,"News on AMR (Autonomous Mobile Robot) solutions for logistics, warehouse automation, and financial results.",P1,page scrape,"AMR, logistics, warehouse, financial report","Product launches, logistics automation deployments, financials",,Registry v1 (Jul 28),"Global leader in AMR, recently IPO'd in HK."
Hong Kong,Hai Robotics,海柔創新,Company,Company newsroom,https://www.hairobotics.com/news,https://www.hairobotics.com/,en,None — scrape,Monthly,"News on warehouse automation, ACR (Autonomous Case-handling Robot) systems, and global expansion.",P1,page scrape,"warehouse automation, ACR, logistics, robot","Product launches, logistics automation deployments",,Registry v1 (Jul 28),Major player in warehouse robotics with strong HK ties (PolyU partnership).
Hong Kong,MicroPort MedBot,微创机器人,Company,Listed company IR/newsroom,https://www.medbotsurgical.com/news,https://www.medbotsurgical.com/en/,zh/en,None — scrape,Monthly,"MicroPort MedBot is a leading surgical robot maker listed in Hong Kong, developing laparoscopic, orthopedic, and other medical robots.",P1,page scrape,surgical robot;Toumai;SkyWalker;FDA;CE mark;clinical trial,primary announcement,HKEX: 02252,Site review v2 (Jul 30),
Hong Kong,XPeng Investor Relations,小鵬汽車投資者關係,Company,IR announcements,https://ir.xiaopeng.com/news-releases,https://ir.xiaopeng.com/,en,None — scrape,Event-driven,"Financials and corporate updates from XPeng, which is developing humanoid robots and flying cars alongside smart EVs.",P1,page scrape,"humanoid, robot, flying car, financial report","Corporate financials, new product line announcements",,Registry v1 (Jul 28),HK-listed (9868.HK). Key for their robotics expansion. JS-heavy IR site; blocks HEAD/bots; works in browser. Alternative: HKEXnews filings for 9868.HK.
Hong Kong,Hong Kong Exchanges and Clearing (HKEX),香港交易所,Exchange,Exchange newsroom / listings,https://www2.hkexnews.hk/New-Listings/New-Listing-Information/Main-Board?sc_lang=en,https://www.hkexgroup.com/?sc_lang=en,en/zh,RSS: https://www.hkex.com.hk/Services/RSS-Feeds/News-Releases?sc_lang=en,Daily,"Crucial for tracking the wave of Chinese robotics companies going public, including AgiBot, MicroPort MedBot, Horizon, and UBTECH.",P1,RSS + page scrape,robotics IPO;listing;prospectus;allotment,primary disclosure/announcement,,Exchange/SEA batch v3 (Jul 30),
Hong Kong,InnoEX,香港國際創科展,Exhibition,Exhibition press releases,https://www.hktdc.com/event/innoex/en/press-release,https://www.hktdc.com/event/innoex/en,en,None — scrape,Event-driven,"News on AI+, Robotics, and Low-altitude Economy innovations showcased at the premier I&T event in Hong Kong.",P1,page scrape,"robotics, AI, low-altitude economy, innovation","Exhibition highlights, tech trends",,Registry v1 (Jul 28),Co-organized by HKSAR Government and HKTDC.
Hong Kong,Cyberport,數碼港,Government,Tech hub press releases,https://www.cyberport.hk/en/news/press_release/,https://www.cyberport.hk/en/,en,None — scrape,Weekly,"News on AI and robotics startups, funding, and partnerships at Cyberport.",P1,page scrape,"robotics, AI, startup, funding, automation","Startup milestones, tech hub partnerships",,Registry v1 (Jul 28),Key incubator alongside HKSTP.
Hong Kong,Hong Kong Productivity Council (HKPC),香港生產力促進局,Government,Productivity council news,https://www.hkpc.org/en/about-us/media-centre/press-releases,https://www.hkpc.org/,en,None — scrape,Weekly,"News on industrial automation, smart manufacturing, and robotics solutions developed or promoted by HKPC.",P1,page scrape,"robotics, automation, smart manufacturing, AI","Industrial automation initiatives, tech adoption",,Registry v1 (Jul 28),Focuses on applied technology and manufacturing.
Hong Kong,Hospital Authority,醫院管理局,Government,Authority press releases,https://www.ha.org.hk/visitor/ha_visitor_index.asp?Content_ID=643&Lang=ENG&Dimension=1,https://www.ha.org.hk/,en,None — scrape,Weekly,"Announcements regarding medical robotics, surgical robots, and automation in Hong Kong public hospitals.",P1,page scrape,"robot, robotic surgery, automation, medical device","Medical robotics deployment, healthcare automation",,Registry v1 (Jul 28),Key for medical robotics adoption in HK.
Hong Kong,Innovation and Technology Fund (ITF),創新及科技基金,Government,Funding scheme news,https://www.itf.gov.hk/en/whats-new/,https://www.itf.gov.hk/,en,None — scrape,Monthly,"Announcements of new funding schemes, application deadlines, and grants for R&D projects including robotics.",P1,page scrape,"robotics, R&D, funding, grant, AI","Funding availability, grant schemes",,Registry v1 (Jul 28),Crucial for tracking government financial support for robotics.
Hong Kong,"Innovation, Technology and Industry Bureau (ITIB)",創新科技及工業局,Government,Bureau press releases,https://www.itib.gov.hk/en/speeches/index.html,https://www.itib.gov.hk/,en,None — scrape,Weekly,"Policy announcements, government funding initiatives, and strategic direction for I&T including robotics in Hong Kong.",P1,page scrape,"robotics, AI, automation, InnoHK, smart city","Official policy text, government initiatives",,Registry v1 (Jul 28),English and Traditional Chinese available.
Hong Kong,InvestHK,投資推廣署,Government,Investment promotion news,https://www.investhk.gov.hk/en/news/,https://www.investhk.gov.hk/,en,None — scrape,Weekly,Announcements of foreign and mainland robotics companies setting up operations or expanding in Hong Kong.,P1,page scrape,"robotics, AI, automation, setup, expansion","Company expansions, foreign direct investment",,Registry v1 (Jul 28),Good for tracking mainland robotics firms expanding via HK.
Hong Kong,Hong Kong Applied Science and Technology Research Institute (ASTRI),香港應用科技研究院,Research,Research institute press releases,https://www.astri.org/our-news/press-releases/,https://www.astri.org/,en,None — scrape,Weekly,"Applied research in smart city, autonomous driving (C-V2X), and industrial automation technologies.",P1,page scrape,"robotics, autonomous, smart city, automation","Applied research, commercialization, industry partnerships",,Registry v1 (Jul 28),Key player in applied tech transfer in HK.
Hong Kong,CUHK T Stone Robotics Institute,香港中文大學天石機器人研究所,University,University robotics institute,https://ri.cuhk.edu.hk/,https://ri.cuhk.edu.hk/,en,None — scrape,Monthly,"News on medical robotics, embodied AI, and humanoid research at CUHK.",P1,page scrape,"robotics, medical robot, embodied AI, humanoid","Academic research, medical robotics advancements",,Registry v1 (Jul 28),Strong focus on medical and surgical robotics.
Hong Kong,HKUST Cheng Kar-Shun Robotics Institute (CKSRI),香港科技大學鄭家純機器人研究院,University,University robotics institute,https://ri.hkust.edu.hk/news,https://ri.hkust.edu.hk/,en,None — scrape,Monthly,"Research breakthroughs, spin-offs, and industrial alliances from HKUST's premier robotics institute.",P1,page scrape,"robotics, autonomous, drone, AI, research","Academic research, spin-off origins",,Registry v1 (Jul 28),"HKUST is a major powerhouse for robotics in HK (e.g., DJI origin)."
Hong Kong,Hong Kong Electronics & Technologies Association,香港電子科技商會,Association,Industry association,https://hketa.org.hk/news/,https://hketa.org.hk/,en/zh,None — scrape,Occasional,"HKETA organizes events and networking for the electronics and tech industry, occasionally covering AI and robotics topics.",P2,page scrape,robotics;AI;automation;manufacturing,primary disclosure/announcement,,Exchange/SEA batch v3 (Jul 30),
Hong Kong,Dobot,越疆科技,Company,Company newsroom,https://www.dobot-robots.com/insights/news,https://www.dobot-robots.com/,en,None — scrape,Monthly,"News on collaborative robots (cobots), educational robots, and smart manufacturing solutions.",P2,page scrape,"cobot, collaborative robot, education, manufacturing","Product launches, cobot deployments",,Registry v1 (Jul 28),Major cobot manufacturer with HK listing plans/presence.
Hong Kong,SmartMore,思謀科技,Company,Company newsroom,https://global.smartmore.com/news.html,https://global.smartmore.com/,en,None — scrape,Monthly,"News on smart manufacturing, industrial AI, and machine vision solutions.",P2,page scrape,"smart manufacturing, machine vision, industrial AI","Product launches, industrial AI deployments",,Registry v1 (Jul 28),HK-based unicorn in smart manufacturing.
Hong Kong,Star Plus Legend Holdings Limited,巨星传奇集团有限公司,Company,Listed company IR/newsroom,https://www.splegend.com/en/new/index.html,https://www.splegend.com/en/,en/zh,None — scrape,Occasional,"Star Plus Legend formed a joint venture with Unitree Robotics to develop and commercialize IP-based consumer robots, including pet quadruped robots and performing humanoid robots.",P2,page scrape + HKEX filings,Unitree;robot;joint venture;宇树科技;机器人;合资公司,primary announcement,HKEX: 6683,Site review v2 (Jul 30),Listed as Star Plus Legend Holdings Limited (6683.HK). Joint venture with Unitree Robotics to develop IP-based consumer robots.
Hong Kong,HKTDC Hong Kong Electronics Fair,香港貿發局香港秋季/春季電子產品展,Exhibition,Exhibition press releases,https://www.hktdc.com/event/hkelectronicsfairse/en/press-release,https://www.hktdc.com/event/hkelectronicsfairse/en,en,None — scrape,Event-driven,"Announcements regarding robotics, AI, and smart tech exhibitors at one of Asia's largest electronics fairs.",P2,page scrape,"robotics, AI, smart tech, exhibition","Exhibition highlights, new product showcases",,Registry v1 (Jul 28),Held in Spring and Autumn.
Hong Kong,Electrical and Mechanical Services Department (EMSD),機電工程署,Government,Department press releases,https://www.emsd.gov.hk/en/media/press_releases/current_year/index.html,https://www.emsd.gov.hk/,en,None — scrape,Event-driven,"News on government adoption of robotics, smart city technologies, and mechanical services innovations.",P2,page scrape,"robotics, automation, smart, innovation","Government tech adoption, smart city projects",,Registry v1 (Jul 28),EMSD is a key adopter of robotics in HK government.
Hong Kong,Securities and Futures Commission (SFC),證券及期貨事務監察委員會,Government,Regulator press releases,https://www.sfc.hk/en/News-and-announcements/News,https://www.sfc.hk/,en,None — scrape,Weekly,"Regulatory actions, market updates, and policies affecting listed tech and robotics companies in Hong Kong.",P2,page scrape,"robotics, tech, listing, regulation","Regulatory compliance, market rules",,Registry v1 (Jul 28),"Secondary to HKEXnews for direct company news, but important for regulatory context."
Hong Kong,Hong Kong Centre for Cerebro-Cardiovascular Health Engineering (COCHE),香港心腦血管健康工程研究中心,Research,Research centre news,https://www.hkcoche.org/,https://www.hkcoche.org/,en,None — scrape,Monthly,"Research on medical robotics, point-of-care solutions, and AI for cerebro-cardiovascular health.",P2,page scrape,"robotics, medical device, AI, health engineering","Medical robotics research, Health@InnoHK updates",,Registry v1 (Jul 28),Part of the Health@InnoHK cluster.
Hong Kong,CityU Robotics,香港城市大學機器人,University,University lab news,https://www.cityu.edu.hk/en/media/news,https://www.cityu.edu.hk/,en,None — scrape,Monthly,"Research on autonomous systems, hybrid robots (e.g., Hopcopter), and underwater robotics at CityU.",P2,page scrape,"robot, robotics, autonomous, AI","Academic research, lab milestones",,Registry v1 (Jul 28),Search general CityU news for robotics keywords.
Hong Kong,HKU Advanced Robotics Laboratory,香港大學先進機器人實驗室,University,University lab news,https://www.mech.hku.hk/news,https://airlab.hku.hk/,en,None — scrape,Event-driven,"Updates on HKU's robotics research, including dexterous manipulation and mobile robots.",P2,page scrape,"robotics, automation, research, publication","Academic research, lab milestones",,Registry v1 (Jul 28),Also check HKU Advanced Technologies Institute (ATI). Lab-level page unstable; use HKU Mech Eng dept news covering robotics labs.
Hong Kong,PolyU Robotics and Embodied Intelligence,香港理工大學機器人與具身智能,University,University lab news,https://www.polyu.edu.hk/me/news-and-events/news/,https://www.polyu.edu.hk/me/,en,None — scrape,Monthly,"News on intelligent robotics engineering, human-robot collaboration, and joint labs at PolyU.",P2,page scrape,"robotics, embodied intelligence, automation, research","Academic research, joint lab announcements",,Registry v1 (Jul 28),"PolyU has strong ties with industry (e.g., Hai Robotics)."
International,arXiv cs.RO,arXiv cs.RO,Preprint,Preprint Server,https://arxiv.org/list/cs.RO/recent,https://arxiv.org/,en,RSS: https://rss.arxiv.org/rss/cs.RO,Daily,Latest academic preprints in robotics research.,P0,RSS,"robot, manipulation, navigation, learning",Early research findings,,Registry v1 (Jul 28),High volume
International,Kabam Robotics,,Company,Company newsroom,https://kabam.ai/news/,https://kabam.ai/,en,RSS: https://kabam.ai/feed/,Monthly,Kabam Robotics provides autonomous security robots and AI-powered surveillance platforms for smart buildings and industrial facilities.,P1,RSS,security robot;autonomous navigation;surveillance;facility management;smart building,primary announcement,,Site review v2 (Jul 30),
International,Kinova Robotics,,Company,Company newsroom,https://www.kinovarobotics.com/resources?r=342&s,https://www.kinovarobotics.com/,en,None — scrape,Monthly,"Kinova Robotics is a leading manufacturer of human-centric robotic arms for medical, assistive, research, and industrial applications.",P1,page scrape,robotic arm;medical robotics;assistive robotics;human-robot interaction,primary announcement,,Site review v2 (Jul 30),
International,Sanctuary AI,,Company,Company newsroom,https://sanctuary.ai/news,https://sanctuary.ai,en,RSS: https://sanctuary.ai/feed/,Monthly,Vancouver general-purpose humanoid (Phoenix),P1,RSS,humanoid;general-purpose;Phoenix;Physical AI,primary announcement,,Site review v2 (Jul 30),
International,Bursa Malaysia,Bursa Malaysia,Exchange,Exchange newsroom / listings,https://www.bursamalaysia.com/about_bursa/media_centre/media_releases,https://www.bursamalaysia.com/,en,RSS: https://www.bursamalaysia.com/about_bursa/media_centre/media_releases,Weekly,"Bursa Malaysia is the primary exchange for Malaysian tech and automation listings, providing critical visibility into regional robotics IPOs and corporate announcements.",P1,page scrape + IPO calendar,robotics IPO;listing;prospectus;automation,primary disclosure/announcement,,Exchange/SEA batch v3 (Jul 30),
International,Singapore Exchange (SGX),新加坡交易所,Exchange,Exchange newsroom / listings,https://www.sgx.com/securities/company-announcements,https://www.sgx.com/,en,API: SGX Announcements API,Daily,"Crucial for tracking new AI and robotics company listings, IPOs, and corporate disclosures in the Southeast Asian market.",P1,page scrape + IPO calendar,robotics IPO;listing;prospectus;AI,primary disclosure/announcement,,Exchange/SEA batch v3 (Jul 30),
International,automatica,automatica,Exhibition,Trade Fair Organizer,https://automatica-munich.com/en/trade-fair/press/press-releases/,https://automatica-munich.com/,en,None — scrape,Event-driven,Press releases for the leading exhibition for smart automation and robotics in Munich.,P1,page scrape,"exhibition, exhibitor, trend, automation",Trade fair dates and exhibitor news,,Registry v1 (Jul 28),Seasonal updates around the biennial event.
International,HTX Home Team Science and Technology Agency,,Government,Government press releases,https://www.htx.gov.sg/whats-happening/all-news---events,https://www.htx.gov.sg/,en,None — scrape,Monthly,"HTX develops science and technology capabilities, including AI and robotics, for Singapore's Home Team, making it a key source for public safety robotics news.",P1,page scrape,robotics;AI;public safety;Home Team;innovation,primary announcement,,Site review v2 (Jul 30),
International,Malaysian Investment Development Authority (MIDA),Lembaga Pembangunan Pelaburan Malaysia,Government,Government press releases,https://www.mida.gov.my/media-and-events/announcement-media-release/,https://www.mida.gov.my/,en,None — scrape,Weekly,"MIDA announces major foreign and domestic investments in Malaysia's manufacturing, semiconductor, and automation sectors, indicating new robotics factory deployments.",P1,page scrape,robotics;automation;semiconductor;manufacturing facility;investment,primary disclosure/announcement,,Exchange/SEA batch v3 (Jul 30),
International,Thailand Board of Investment (BOI),สำนักงานคณะกรรมการส่งเสริมการลงทุน,Government,Government press releases,https://www.boi.go.th/index.php?page=press_releases2&language=en,https://www.boi.go.th/en/index/,en/th,None — scrape,Weekly,"The BOI provides critical updates on investment incentives, policies, and major foreign direct investments in Thailand's robotics, automation, and AI sectors.",P1,page scrape,robotics;automation;AI;investment;incentives,primary disclosure/announcement,,Exchange/SEA batch v3 (Jul 30),
International,A*STAR,,Research,Research institute,https://www.a-star.edu.sg/news/press-releases,https://www.a-star.edu.sg,en,None — scrape,Monthly,"A*STAR is a leading research institute in Singapore conducting significant AI and robotics research, making it a key source for technological advancements and partnerships.",P1,page scrape,robotics;AI;automation;manufacturing;partnership,primary announcement,,Site review v2 (Jul 30),
International,ISO TC 299 Robotics,ISO/TC 299,Standards,Standards Body,https://www.iso.org/committee/5915511.html,https://www.iso.org/,en,None — scrape,Event-driven,Development of international safety and performance standards for industrial and service robots.,P1,page scrape,"standard, safety, publication, draft",Official standards publication status,,Registry v1 (Jul 28),Requires monitoring committee page for updates.
International,Malaysia Robotics and Automation Society (MyRAS),,Association,Industry association,https://www.myras.org/news,https://www.myras.org/,en,None — scrape,Occasional,"MyRAS is the primary professional organization for robotics and automation in Malaysia, providing updates on local industry developments, partnerships, and events.",P2,page scrape,robotics;automation;partnership;MoU;exhibition,primary disclosure/announcement,,Exchange/SEA batch v3 (Jul 30),
International,Robotics Society of Singapore (RSS),,Association,Industry association,https://robotics.sg/news/,https://rss.org.sg/,en,None — scrape,Weekly,Singapore robotics research community and academic/industry news aggregator.,P2,page scrape,robotics;AI;Singapore;research;conference,primary disclosure/announcement,,Exchange/SEA batch v3 (Jul 30),
International,Singapore Industrial Automation Association (SIAA),,Association,Industry association,https://automationsg.org/events-news/newsletter,https://www.automationsg.org/,en,None — scrape,Occasional,"Provides updates on the automation and robotics industry in Singapore, including events, awards, and industry trends.",P2,page scrape,robotics;automation;events;awards;Singapore,primary disclosure/announcement,,Exchange/SEA batch v3 (Jul 30),
International,Thai Automation and Robotics Association (TARA),สมาคมผู้ประกอบการระบบอัตโนมัติและหุ่นยนต์ไทย,Association,Industry association,https://thaitara.org/news/,https://thaitara.org/,th/en,None — scrape,Occasional,Key industry association representing Thai system integrators and driving automation and robotics adoption in Thailand's industrial sector.,P2,page scrape,robotics;automation;Thailand;TARA;system integrators,primary disclosure/announcement,,Exchange/SEA batch v3 (Jul 30),
International,UNCTAD Technology and Innovation Report,,Authority,Independent authority,https://unctad.org/unctad-news,https://unctad.org/topic/science-technology-and-innovation/technology-innovation-report,en,None — scrape,Occasional,Provides authoritative frontier-tech readiness data and assessments on AI and robotics for developing countries.,P2,page scrape,robotics;artificial intelligence;frontier technology;innovation report,primary disclosure/announcement,,Exchange/SEA batch v3 (Jul 30),
International,Avidbots,,Company,Company newsroom,https://avidbots.com/news/,https://avidbots.com/,en,None — scrape,Occasional,Avidbots is a leading manufacturer of autonomous commercial floor cleaning robots like Neo and Kas.,P2,page scrape,autonomous;cleaning robot;floor scrubber;Neo;Kas,primary announcement,,Site review v2 (Jul 30),
International,BeeX,,Company,Company newsroom,https://www.beex.sg/try-out,https://www.beex.sg/,en,None — scrape,Occasional,BeeX develops hovering autonomous underwater vehicles (HAUVs) for offshore and coastal infrastructure inspection.,P2,page scrape,autonomous underwater vehicle;AUV;HAUV;underwater inspection;Series A,primary announcement,,Site review v2 (Jul 30),
International,Eureka Robotics,,Company,Company newsroom,https://eurekarobotics.com/media,https://eurekarobotics.com/,en,None — scrape,Occasional,Eureka Robotics develops AI-driven 3D vision systems and control software for high-precision robotic manipulation in manufacturing and logistics.,P2,page scrape,3D vision;bin picking;Series A;AI vision;precision manufacturing,primary announcement,,Site review v2 (Jul 30),
International,Infinium Robotics,,Company,Company newsroom,https://infiniumrobotics.com/news-and-press-releases/,https://infiniumrobotics.com/,en,None — scrape,Occasional,Infinium Robotics develops autonomous indoor drone systems and AI solutions for automated warehouse inventory tracking and stock-taking.,P2,page scrape,indoor drones;inventory tracking;warehouse automation;Infinium Scan;Deutsche Defence Beteiligungen,primary announcement,,Site review v2 (Jul 30),Acquired by Deutsche Defence Beteiligungen (DDB) in June 2026
International,LionsBot International,,Company,Company newsroom,https://www.lionsbot.com/news/,https://www.lionsbot.com/,en,RSS: https://www.lionsbot.com/feed/,Occasional,LionsBot develops and manufactures autonomous cleaning robots for commercial and industrial use.,P2,RSS,cleaning robot;autonomous;Interclean;LionsOS;funding,primary announcement,,Site review v2 (Jul 30),
International,Roboteam,,Company,Company newsroom,https://stage.robo-team.com/media-news/,https://robo-team.com/,en,None — scrape,Occasional,Roboteam develops rugged tactical unmanned ground vehicles (UGVs) for defense and security missions.,P2,page scrape,tactical ground robots;UGV;defense;Ondas,primary announcement,,Site review v2 (Jul 30),Acquired by Ondas Holdings in Nov 2025
International,SESTO Robotics,,Company,Company newsroom,https://www.sestorobotics.com/tag/news/,https://www.sestorobotics.com/,en,None — scrape,Occasional,"SESTO Robotics provides autonomous mobile robots (AMRs) for manufacturing, healthcare, and semiconductor industries.",P2,page scrape,AMR;autonomous mobile robot;healthcare;semiconductor;manufacturing,primary announcement,,Site review v2 (Jul 30),
International,SwarmFarm Robotics,,Company,Company newsroom,https://www.swarmfarm.com/category/in-the-news/,https://www.swarmfarm.com/,en,RSS: https://www.swarmfarm.com/feed/,Occasional,SwarmFarm Robotics develops autonomous agricultural robots and integrated autonomy platforms for crop production.,P2,RSS,autonomous;agriculture;SwarmBot;Series B;Integrated Autonomy,primary announcement,,Site review v2 (Jul 30),
International,XSQUARE Technologies,,Company,Company newsroom,https://www.xsquaretechnologies.com/resources,https://www.xsquaretechnologies.com/,en,None — scrape,Occasional,"XSQUARE Technologies develops intelligent warehouse automation solutions, including autonomous forklifts and warehouse orchestration systems.",P2,page scrape,warehouse automation;autonomous forklifts;intralogistics;Series A,primary announcement,,Site review v2 (Jul 30),
International,Ho Chi Minh Stock Exchange (HOSE),Sở Giao dịch Chứng khoán Thành phố Hồ Chí Minh,Exchange,Exchange newsroom / listings,https://www.hsx.vn/en/tin-tuc/tin-tuc-hose,https://www.hsx.vn/en/,en/vi,None — scrape,Occasional,"Provides visibility into Vietnamese tech and industrial listings, including potential robotics and AI companies.",P2,page scrape + IPO calendar,robotics IPO;listing;prospectus;AI;technology,primary disclosure/announcement,,Exchange/SEA batch v3 (Jul 30),JS-rendered
International,Indonesia Stock Exchange (IDX),Bursa Efek Indonesia (BEI),Exchange,Exchange newsroom / listings,https://www.idx.co.id/en/news/press-release/,https://www.idx.co.id/en,en/id,None — scrape,Weekly,Tracks Indonesian tech listings and IPOs which may include regional robotics or AI companies.,P2,page scrape + IPO calendar,robotics IPO;listing;prospectus;tech;AI,primary disclosure/announcement,,Exchange/SEA batch v3 (Jul 30),
International,Philippine Stock Exchange (PSE),,Exchange,Exchange newsroom / listings,https://edge.pse.com.ph/announcements/form.do,https://www.pse.com.ph/,en,RSS: https://edge.pse.com.ph/companyPage/writeRss.do,Daily,Tracks IPOs and disclosures of Philippine tech and robotics companies.,P2,RSS + page scrape,robotics IPO;listing;prospectus;tech,primary disclosure/announcement,,Exchange/SEA batch v3 (Jul 30),
International,Stock Exchange of Thailand (SET),ตลาดหลักทรัพย์แห่งประเทศไทย,Exchange,Exchange newsroom / listings,https://www.set.or.th/en/market/news-and-alert/news,https://www.set.or.th/en/home,en/th,API: SET SMART Marketplace,Occasional,SET is the primary platform for tracking Thai industrial automation and robotics IPOs and listings.,P2,page scrape + IPO calendar,robotics IPO;listing;prospectus;automation,primary disclosure/announcement,,Exchange/SEA batch v3 (Jul 30),
International,IFA Berlin,,Exhibition,Exhibition press office,https://www.ifa-berlin.com/press-releases,https://www.ifa-berlin.com/,en,None — scrape,Occasional,"IFA Berlin is a major international exhibition that showcases consumer electronics and future tech, including humanoid robots and robotic applications.",P2,page scrape,humanoid;robotics;AI;innovation;exhibition,primary announcement,,Site review v2 (Jul 30),
International,ASEAN Secretariat,,Government,Government press releases,https://asean.org/news/,https://asean.org/,en,None — scrape,Occasional,Provides region-wide digital economy and smart manufacturing policy signals relevant to AI and robotics.,P2,page scrape,digital economy;smart manufacturing;AI;robotics;policy,primary disclosure/announcement,,Exchange/SEA batch v3 (Jul 30),
International,Department of Science and Technology (DOST),Kagawaran ng Agham at Teknolohiya,Government,Government press releases,https://www.dost.gov.ph/knowledge-resources/news.html,https://www.dost.gov.ph/,en,None — scrape,Weekly,"Covers Philippine robotics R&D and technology programs, including Hererobot and ASTI initiatives.",P2,page scrape,robotics;R&D;technology;innovation,primary disclosure/announcement,,Exchange/SEA batch v3 (Jul 30),
International,Digital Economy Promotion Agency (depa),สำนักงานส่งเสริมเศรษฐกิจดิจิทัล,Government,Government press releases,https://www.depa.or.th/en/all-news/all,https://www.depa.or.th/en/home,en/th,None — scrape,Occasional,Thai digital-industry and robotics adoption programs,P2,page scrape,robotics;digital economy;smart city;adoption,primary disclosure/announcement,,Exchange/SEA batch v3 (Jul 30),
International,Eastern Economic Corridor Office (EECO),สำนักงานคณะกรรมการนโยบายเขตพัฒนาพิเศษภาคตะวันออก,Government,Government press releases,https://www.eeco.or.th/en/press_release/,https://www.eeco.or.th/en/home/,en/th,RSS: https://www.eeco.or.th/en/feed/,Weekly,Provides updates on robotics and automation investments and policies in Thailand's Eastern Economic Corridor.,P2,RSS,robotics;automation;investment;technology;innovation,primary disclosure/announcement,,Exchange/SEA batch v3 (Jul 30),
International,Enterprise Singapore,,Government,Government press releases,https://www.enterprisesg.gov.sg/resources/media-centre,https://www.enterprisesg.gov.sg,en,None — scrape,Occasional,Provides updates on Singapore robotics SME grants and internationalization initiatives.,P2,page scrape,robotics;SME;grant;internationalization;AI,primary disclosure/announcement,,Exchange/SEA batch v3 (Jul 30),
International,Global Partnership on Artificial Intelligence,GPAI,Government,Intergovernmental Initiative,https://www.oecd.org/en/about/programmes/global-partnership-on-artificial-intelligence.html,https://www.oecd.org/,en,None — scrape,Event-driven,International cooperation on responsible AI development and governance.,P2,page scrape,"GPAI, AI, governance, policy",International AI cooperation,,Registry v1 (Jul 28),Integrated with OECD.
International,Indonesia Ministry of Industry,Kementerian Perindustrian (Kemenperin),Government,Government press releases,https://kemenperin.go.id/artikel/,https://kemenperin.go.id/,id/en,None — scrape,Occasional,Provides updates on Indonesian Industry 4.0 and manufacturing automation policy.,P2,page scrape,robotics;automation;Industry 4.0;manufacturing,primary disclosure/announcement,,Exchange/SEA batch v3 (Jul 30),
International,Infocomm Media Development Authority (IMDA),,Government,Government press releases,https://www.imda.gov.sg/resources/press-releases-factsheets-and-speeches,https://www.imda.gov.sg,en,None — scrape,Occasional,"IMDA drives Singapore's digital transformation and AI governance, providing key updates on AI and autonomous systems regulations.",P2,page scrape,AI governance;autonomous systems;robotics;digital twin;federated learning,primary disclosure/announcement,,Exchange/SEA batch v3 (Jul 30),
International,International Labour Organization,ILO,Government,UN Agency,https://www.ilo.org/resource/news,https://www.ilo.org/,en,None — scrape,Event-driven,Reports on how robotics and automation are reshaping jobs and occupational safety.,P2,page scrape,"automation, jobs, safety, AI",Labor impact of robotics,,Registry v1 (Jul 28),Broad focus
International,Malaysian Research Accelerator for Technology and Innovation (MRANTI),,Government,Government press releases,https://mranti.my/happenings/media-centre/press-release,https://mranti.my/,en/ms,None — scrape,Occasional,"MRANTI is Malaysia's central research and innovation commercialization agency, hosting the National Robotics Roadmap and AI Sandbox.",P2,page scrape,robotics;AI Sandbox;innovation;commercialisation;NTIS,primary disclosure/announcement,,Exchange/SEA batch v3 (Jul 30),
International,"Ministry of Investment, Trade and Industry (MITI)","Kementerian Pelaburan, Perdagangan dan Industri (MITI)",Government,Government press releases,https://www.miti.gov.my/index.php/pages/view/10936,https://www.miti.gov.my/index.php,en/ms,None — scrape,Weekly,"Malaysia's MITI publishes NIMP 2030 industrial policy, FDI approvals, and automation investment announcements directly relevant to robotics sector growth.",P2,page scrape,robotics;automation;NIMP 2030;FDI;industrial policy;manufacturing,primary disclosure/announcement,,Exchange/SEA batch v3 (Jul 30),JS-rendered site; media release page URL is https://www.miti.gov.my/index.php/pages/view/10936 (confirmed loads with dated 2026 items); no public RSS available; feed endpoints require authentication login
International,National Robotics Programme,,Government,Government press releases,https://nrp.gov.sg/media-and-events/,https://nrp.gov.sg/,en,RSS: https://nrp.gov.sg/feed/,Occasional,Singapore's national platform directing robotics and embodied AI R&D funding and bridging research with market demand.,P2,RSS,robotics;embodied AI;funding;accelerator;talent,primary announcement,,Site review v2 (Jul 30),
International,Singapore Economic Development Board (EDB),,Government,Government press releases,https://www.edb.gov.sg/en/about-edb/media-releases-publications.html,https://www.edb.gov.sg/,en,None — scrape,Occasional,Tracks MNC robotics manufacturing investments and advanced manufacturing developments in Singapore.,P2,page scrape,robotics;advanced manufacturing;investment;MNC,primary disclosure/announcement,,Exchange/SEA batch v3 (Jul 30),
International,Vietnam Ministry of Science and Technology (MOST),Bộ Khoa học và Công nghệ,Government,Government press releases,https://beta-en.mic.gov.vn/english.htm,https://beta-en.mic.gov.vn/,en/vi,RSS: https://emicweb.dev.cnnd.vn/rss/news-gallery.rss,Occasional,"Vietnam's Ministry of Science and Technology guides national AI and robotics strategies, funding, and high-tech R&D policies.",P2,RSS,robotics;artificial intelligence;AI;automation;high-tech,primary disclosure/announcement,,Exchange/SEA batch v3 (Jul 30),
International,Vietnam National Innovation Center (NIC),Trung tâm Đổi mới sáng tạo Quốc gia,Government,Government press releases,https://nic.gov.vn/c/10648/News,https://nic.gov.vn/,en/vi,None — scrape,Occasional,"Vietnam's flagship government institution driving the national semiconductor, AI, and robotics ecosystem and factory automation push.",P2,page scrape,robotics;AI;semiconductor;automation;innovation,primary disclosure/announcement,,Exchange/SEA batch v3 (Jul 30),JS-rendered
International,CSIRO Data61,,Research,Research institute,https://research.csiro.au/robotics/category/news/,https://research.csiro.au/robotics/,en,RSS: https://research.csiro.au/robotics/category/news/feed/,Occasional,"Leading Australian research institute developing world-class robotics technologies, including autonomous systems and sensing payloads for space and terrestrial applications.",P2,RSS,robotics;autonomous systems;DARPA;SLAM,primary announcement,,Site review v2 (Jul 30),
International,National Research and Innovation Agency (BRIN),Badan Riset dan Inovasi Nasional,Research,Research institute,https://brin.go.id/en/news,https://www.brin.go.id/en,en/id,None — scrape,Occasional,"BRIN is Indonesia's national research agency, developing autonomous robots like DELL-E and collaborating on AI/robotics research.",P2,page scrape,robotics;AI;autonomous;innovation,primary disclosure/announcement,,Exchange/SEA batch v3 (Jul 30),JS-rendered
International,International Organization for Standardization (ISO),,Standards,Standards body,https://www.iso.org/home/insights-news/news/standards-world/news-list.html,https://www.iso.org/,en,None — scrape,Occasional,"Publishes announcements on new international standards, including those related to robotics and AI, which are critical for industry compliance and development.",P2,page scrape,robotics;AI;standards;TC 299;automation,primary disclosure/announcement,,Exchange/SEA batch v3 (Jul 30),
International,IEEE International Conference on Robotics and Automation,ICRA,Association,Academic Conference,https://2025.ieee-icra.org/,https://www.ieee-ras.org/,en,None — scrape,Event-driven,"Announcements for the annual ICRA conference, the largest robotics conference.",P1,page scrape,"conference, paper, award, accepted",,,Registry v1 (Jul 28),Conference dates and accepted papers
International,IEEE Robotics and Automation Society,IEEE RAS,Association,Professional Society,https://www.ieee-ras.org/news/,https://www.ieee-ras.org/,en,None — scrape,Event-driven,"Announcements on major robotics conferences (ICRA, IROS), awards, and society news.",P1,page scrape,,,,Registry v1 (Jul 28),
International,International Federation of Robotics,IFR,Association,Industry Association,https://ifr.org/ifr-press-releases,https://ifr.org/,en,None — scrape,Event-driven,"Global robotics market statistics, World Robotics reports, and industry trends.",P0,page scrape,"statistics, market, sales, report",,,Registry v1 (Jul 28),
International,Open Source Robotics Foundation,OSRF,Association,Non-profit Organization,https://discourse.openrobotics.org/,https://www.openrobotics.org/,en,None — scrape,Daily,"News on ROS (Robot Operating System), Gazebo, and open-source robotics community.",P0,page scrape,"ROS, release, update, community",,,Registry v1 (Jul 28),
International,RoboCup,RoboCup Federation,Association,Competition Organizer,https://www.robocup.org/news,https://www.robocup.org/,en,None — scrape,Event-driven,"News on international robotics competitions, rules, and event results.",P2,page scrape,"competition, rules, results, event",,,Registry v1 (Jul 28),
International,Robotics: Science and Systems,RSS Conference,Association,Academic Conference,https://roboticsconference.org/,https://roboticsconference.org/,en,None — scrape,Event-driven,"Announcements for the annual RSS conference, paper acceptances, and awards.",P1,page scrape,"conference, paper, award, accepted",,,Registry v1 (Jul 28),
International,World Economic Forum C4IR,WEF C4IR,Association,International Organization,https://www.weforum.org/press/,https://www.weforum.org/,en,None — scrape,Event-driven,"Launch of new centers for the Fourth Industrial Revolution, reports on automation and AI.",P1,page scrape,"C4IR, automation, AI, report",,,Registry v1 (Jul 28),Global automation initiatives and reports
International,Hannover Messe,Hannover Messe,Exhibition,Trade Fair Organizer,https://www.hannovermesse.de/en/press/press-releases/hannover-messe/press-releases,https://www.hannovermesse.de/,en,None — scrape,Event-driven,"Press releases for the world's largest industrial fair, including robotics and automation.",P1,page scrape,"robotics, automation, industry, exhibition",,,Registry v1 (Jul 28),Trade fair dates and exhibitor news
International,ITU AI for Good,ITU AI for Good,Government,UN Agency,https://aiforgood.itu.int/newsroom/,https://aiforgood.itu.int/,en,None — scrape,Event-driven,"UN initiatives on AI and robotics for sustainable development, global summits.",P1,page scrape,"robotics, summit, AI, sustainable",,,Registry v1 (Jul 28),UN policy and summit announcements
International,OECD.AI,OECD.AI,Government,Intergovernmental Organization,https://oecd.ai/en/wonk,https://oecd.ai/,en,None — scrape,Event-driven,"Global AI policy tracking, principles, and national AI strategies.",P1,page scrape,"policy, strategy, principles, regulation",,,Registry v1 (Jul 28),
International,UN Industrial Development Organization,UNIDO,Government,UN Agency,https://www.unido.org/news,https://www.unido.org/,en,None — scrape,Event-driven,"Industrial AI, green innovation, and manufacturing automation initiatives.",P1,page scrape,"AI, manufacturing, industry, automation",,,Registry v1 (Jul 28),
International,World Bank,World Bank,Government,International Financial Institution,https://www.worldbank.org/en/news,https://www.worldbank.org/,en,None — scrape,Event-driven,"Research on automation's impact on jobs, manufacturing, and economic development.",P2,page scrape,"automation, jobs, manufacturing, AI",,,Registry v1 (Jul 28),
International,World Intellectual Property Organization,WIPO,Patent,UN Agency,https://www.wipo.int/pressroom/en/articles/archive.html,https://www.wipo.int/,en,None — scrape,Event-driven,"Global patent trends, AI and IP policy, Global Innovation Index.",P1,page scrape,"patent, AI, innovation, IP",,,Registry v1 (Jul 28),
International,Semantic Scholar Robotics,Semantic Scholar,Preprint,Academic Search Engine,https://www.semanticscholar.org/,https://www.semanticscholar.org/,en,API: Semantic Scholar Academic Graph API,Daily,"AI-driven search engine for academic papers, useful for tracking robotics publications.",P1,API,"robotics, AI, learning, manipulation",,,Registry v1 (Jul 28),Academic paper verification
International,International Electrotechnical Commission,IEC,Standards,Standards Body,https://www.iec.ch/taxonomy/term/411,https://www.iec.ch/,en,None — scrape,Event-driven,"Standards for electrical and electronic technologies used in robotics (sensors, batteries).",P2,page scrape,"robotics, standard, safety, compliance",,,Registry v1 (Jul 28),Electrical standards verification
International,IEEE Spectrum Robotics,IEEE Spectrum,Wire(verification-only),Technology Magazine,https://spectrum.ieee.org/topic/robotics/,https://spectrum.ieee.org/,en,RSS: https://spectrum.ieee.org/feeds/feed.rss,Daily,"High-quality journalism on robotics, useful for verifying trends and finding primary sources.",P0,RSS,"robot, AI, automation, drone",,,Registry v1 (Jul 28),Verification of industry trends
